No,NAMA,NIP,NIK,JABATAN,PANGKAT_GOLONGAN,SWIFT,NO_REKENING,NO_REKENING_LAIN
1,Adinda Natassa V Hutabarat,19840913 200702 2 001,,Diplomat Ahli Muda,Penata Tingkat I/ III.d,BNINIDJA,130843033,
2,Alfrian S,19930402 202205 1 001,,Penata Kanselerai Ahli Pertama,Penata Muda Tingkat I/ III.b,BNINIDJA,1403028217,Seabank 901767804620
3,Andre Norman Akbar,19740925 200012 1 001,,Diplomat Ahli Madya,Pembina Tingkat I/ IV.b,BNINIDJA,222205825,
4,Braviono Arief Adilaksono,19851129 200901 1 001,,Kabid Penyelenggara Diklat Sesdilu,Penata Tingkat I/ III.d,BNINIDJA,193611292,
5,Chandra Setiawan,19881013 200912 1 001,,PID Ahli Muda,Penata Tingkat I/ III.d,BNINIDJA,197427811,
6,Daniel Nugroho,19890721 201502 1 001,,Diplomat Ahli Muda,Penata/ III.c,BNINIDJA,373634147,
7,Endang Ratnaningsih,19810610 200603 2 001,,Penata Kanselerai Ahli Muda,Penata Tingkat I/ III.d,BRINIDJA,139301003632501,BNI 0255971277
8,Fahmi Aris Innayah,19710306 199710 1 001,,Diplomat Ahli Madya,Pembina Utama Muda/ IV.c,BNINIDJA,249277094,
9,Faiez Maulana,19820110 200901 1 002,,Diplomat Ahli Muda,Penata Tingkat I/ III.d,BNINIDJA,195864558,
10,George Junior,19820806 200901 1 001,,Diplomat Ahli Madya,Pembina/ IV.a,BNINIDJA,195640968,
11,Geovannie Foresty Palembangan,19810702 200901 1 002,,Diplomat Ahli Madya,Pembina/ IV.a,BNINIDJA,196347936,
12,Hidayat Atjeh,19710815 199703 1 001,,Kabid Diklat Pengelolaan Informasi Diplomatik,Pembina Utama Muda/ IV.c,BNINIDJA,389846891,
13,Ifal Hafizan,19930326 202205 1 001,,Diplomat Ahli Pertama,Penata Muda/ III.a,BNINIDJA,1403623250,
14,Irwan Sulistiono,19690125 199103 1 001,,Pengolah Data dan Informasi,Penata Muda Tingkat I/ III.b,BNINIDJA,189129520,
15,Ita Sudjiarti,19710304 199103 2 001,,Penelaah Teknis Kebijakan,Penata Muda Tingkat I/ III.b,BRINIDJA,32901079107506,BNI 189465813
16,Josephine Betsy Pramitha,19880314 201012 2 001,,Penata Keuangan,Penata/ III.c,BNINIDJA,217158790,
17,Kasam,19710227 199003 1 001,,Penelaah Teknis Kebijakan,Penata Muda Tingkat I/ III.b,BRINIDJA,32901080220509,BNI 0189454754
18,Khasan Ashari,19750617 200003 1 001,,Kepala Pusdiklat,Pembina Utama Muda/ IV.c,BNINIDJA,194021686,
19,Mike Prayugo,19770416 200112 1 001,,Penelaah Teknis Kebijakan,"Pengatur Tk. I, II/d",BRINIDJA,123901003317531,BNI 0207528764
20,Muhammad Yusup Ismail,19701217 199103 1 002,,Penelaah Teknis Kebijakan,Penata Muda Tingkat I/ III.b,BNINIDJA,392688260,
21,Pipin Zaenal Hapinudin,19820825 200912 1 001,,Kasubbag Perencanaan Kinerja dan Keuangan,"Penata, III/d",BMRIIDJA,1030006072454,
22,Pof Yusuf Arifin,19660329 199403 1 001,,Diplomat Ahli Madya,Pembina Utama Muda/ IV.c,BNINIDJA,210627873,
23,Prista El Annisa Prasetyo,19990402 202205 2 001,,Penelaah Teknis Kebijakan,Penata Muda Tingkat I/ III.b,BRINIDJA,139301004003501,BNI 1404269161
24,Purwo Mursito,19691212 199103 1 001,,Arsiparis Madya,Pembina Utama Muda/ IV.c,BRINIDJA,39201010700506,BNI 0189458067
25,Rohmani,19691215 199103 1 001,,Penelaah Teknis Kebijakan,Penata Muda Tingkat I/ III.b,BNINIDJA,192756759,
26,Siti Khotimah,19970220 202504 2 002,,Diplomat Ahli Pertama,Penata Muda/ III.a,CENAIDJA,1540750510,
27,Sunarwan,19690311 199103 1 001,,Penelaah Teknis Kebijakan,Penata Muda Tingkat I/ III.b,BRINIDJA,032901080222501,
28,Tria Azmareni,19900526 201403 2 003,,PID Ahli Muda,Penata Muda Tingkat I/ III.b,BNINIDJA,346444513,
29,Ukhti Afini,19980118 202205 2 002,,Penelaah Teknis Kebijakan,Penata Muda/ III.a,BNINIDJA,1404731151,
30,Vidya Pertiwi,19811112 200702 2 001,,Kabid Penyelenggara Diklat Sekdilu,Pembina/ IV.a,BNINIDJA,190615266,
31,Wenny Fabiomarta,19810316 200702 2 001,,Kabid APEL,Pembina/ IV.a,BNINIDJA,189948540,
32,Zulva Ibadati,19930109 202012 2 020,,Pustakawan Ahli Pertama,Penata Muda Tingkat I/ III.b,BNINIDJA,1169708117,
33,Adihtya Marcel Lumentah,19980425 202521 1 027,,Penata Layanan Operasional,"PPPK, Gol IX",BNINIDJA,1446780155,
34,Bagyo Risangaji,19861215 202521 1 044,,Operator Layanan Operasional,"PPPK, Gol V",BRINIDJA,032901080218502,BNI 0375183009
35,Dwi Indah Pratiwi,19951215 202521 2 061,,Pengelola Layanan Operasional,"PPPK, Gol VII",BNINIDJA,1321988918,
36,Fathurohman,19891116 202521 1 021,,Operator Layanan Operasional,"PPPK, Gol V",BRINIDJA,139301001637505,BNI 0460382381
37,Hikmawati,19970530 202521 2 023,,Penata Layanan Operasional,"PPPK, Gol IX",BRINIDJA,32901079116505,BNI 0489629099
38,Kejia Harianja,19980824 202521 2 017,,Penata Layanan Operasional,"PPPK, Gol IX",BRINIDJA,065101015682507,BNI 0504734892
39,Megawati Triyana,19961201 202521 2 042,,Penata Layanan Operasional,"PPPK, Gol IX",BNINIDJA,1284493866,
40,Miftahul Raudah,19970227 202521 2 032,,Penata Layanan Operasional,"PPPK, Gol IX",BRINIDJA,200501019963504,BNI 1329472022
41,Nina Yurina,19950602 202521 2 020,,Pengelola Layanan Operasional,"PPPK, Gol VII",BNINIDJA,1918148698,
42,Ade Setiawan,19970703 202521 1 049,,Penata Layanan Operasional,PPPK/IX,BRINIDJA,139301003637501,BNI 0400899171
43,Ahmad Apandi,-,,Staf UPT Sesdilu,Alih Daya,BRINIDJA,79801014057537,
44,Edoard Agustian,-,,Staf UPT Sesdilu,Alih Daya,BSMDIDJA,7283159908,
45,Fachriany Amalia Rauf,19980505 202521 2 068,,Penata Layanan Operasional,PPPK/IX,BNINIDJA,976827496,
46,Hedi Junaedi,-,,Staf UPT Sesparlu,Alih Daya,BRINIDJA,43001013863509,BNI 0174211184
47,Muh. Sumaji,-,,Staf Bagian Tata Usaha,Alih Daya,BRINIDJA,123901002772500,BNI 0460387822
48,Mujiono,-,,Staf UPT Sesdilu,Alih Daya,BRINIDJA,042501036910502,
49,Nanda Yayang Hidayat,-,,Staf Bidang Dkans,Alih Daya,CENAIDJA,6331180537,
50,Rifqi Aditya Wibisana,-,,Staf UPT Sesparlu,Alih Daya,BRINIDJA,200601007917503,
51,Salwa Nabilah Putri,-,,Staf Bagian Tata Usaha,Alih Daya,BRINIDJA,053801134058508,BSI 7193047232
52,Wagiman,-,,Staf Bagian Tata Usaha,Alih Daya,BRINIDJA,685601000171501,BNI 0504051861
53,Wartono,-,,Staf Bagian Tata Usaha,Alih Daya,BRINIDJA,32901080219508,BNI 0504058244
54,Yayan Heryana,-,,Staf UPT Sekdilu,Alih Daya,BNINIDJA,1857191162,
55,Yulius Doodoh,-,,Staf Bagian Tata Usaha,Alih Daya,BNINIDJA,1799527133,
56,Seroja Br Sembiring,19680202 200212 2 001,,Dokter Umum Madya,Pembina Utama Muda/ IV.c,BNINIDJA,109426210,
57,Melati Pratiwi,19901028 202012 2 015,,Dokter Umum,Penata Muda Tingkat I/ III.b,BNINIDJA,‭1170640313,
58,Yori Rachmia Riva,19910325 202012 2 010,,Dokter Gigi,Penata Muda Tingkat I/ III.b,BNINIDJA,1169707033,
59,Nurul Chotimah,-,,Perawat Umum,Alih Daya,BRINIDJA,50601019307504,
60,Marliah,-,,Analis Laboratorium,Alih Daya,BRINIDJA,139301002169505,
61,Maharani Yurizky,-,,Terapis Gigi dan Mulut,Alih Daya,BNINIDJA,1326889253,
62,Rizqi Yuni Ardhani,19920625 202012 2 015,,Dokter Umum,Penata Muda Tingkat I/ III.b,BNINIDJA,1170640391,
63,Riviani,19700526 199803 2 001,,Terapis Gigi dan Mulut,Penata Tingkat I/ III.d,BNINIDJA,190614705,
64,Susi Sulistiowati,-,,Dokter Gigi,Alih Daya,BNINIDJA,905451978,
65,Dhiah Resti,-,,Apoteker,Alih Daya,BNINIDJA,848848457,
66,Regina Faranitha,19911229 202012 2 017,,Dokter Gigi,Penata Muda Tingkat I/ III.b,BNINIDJA,1169686920,
67,Tati kurniawati,19760405 199903 2 001,,Perawat Penyelia,Penata Tingkat I/ III.d,BNINIDJA,189129440,
68,Eka Fitrianty,-,,Terapis Gigi dan Mulut,Alih Daya,BNINIDJA,1895868389,
69,Iwan Setiawan,19760321 202521 1 012,,Penata Layanan Operasional,Alih Daya,BNINIDJA,1918145675,
70,Firly Annisa,-,,Staf Magang KSFD,-,BMRIIDJA,1690004928468,
71,Putri Andjani Nur Afifah,-,,Magang Kemnaker UPT Sesdilu,-,BNINIDJA,1293816902,
72,Ferry Triyono,-,,Driver PT. Provices Biro Umum,-,BRINIDJA,"1,39301E+14",
73,Abun Bunyamin,19851215 201012 1 001,,Peserta Diklat Sesdilu 80,Penata Tingkat I/ III.d,,,
74,Arif Setyanto,19910930 201502 1 001,,Peserta Diklat Sesdilu 80,Penata/ III.c,,,
75,Christiara Lingga Pranata Tresnawijaya,19861223 201502 1 001,,Peserta Diklat Sesdilu 80,Penata/ III.c,,,
76,Daniel Sihombing,19830521 200901 1 001,,Peserta Diklat Sesdilu 80,Penata Tingkat I/ III.d,,,
77,Fritska Emelia Diniovi Pasaribu,19910124 201403 2 003,,Peserta Diklat Sesdilu 80,Penata/ III.c,,,
78,Guilford Caesar,19910918 201502 1 001,,Peserta Diklat Sesdilu 80,Penata/ III.c,,,
79,Jhendra Ageng Samodra,19900206 201403 1 003,,Peserta Diklat Sesdilu 80,Penata Tingkat I/ III.d,,,
80,Lutfi Jatmika,19860519 201403 1 001,,Peserta Diklat Sesdilu 80,Penata Tingkat I/ III.d,,,
81,Ni Kadek Yuni Ernawati,19870620 201403 2 002,,Peserta Diklat Sesdilu 80,Penata Tingkat I/ III.d,,,
82,Raden Rahadian Mardhika Putra Soerja Djanegara,19860812 201212 1 001,,Peserta Diklat Sesdilu 80,Penata Muda Tingkat I/ III.b,,,
83,Rheinhardt Klaussurinka,19900924 201502 1 001,,Peserta Diklat Sesdilu 80,Penata/ III.c,,,
84,Rina Permatasari,19871217 201403 2 004,,Peserta Diklat Sesdilu 80,Penata/ III.c,,,
85,Winandriyo Kun Anggianto,19910315 201502 1 001,,Peserta Diklat Sesdilu 80,Penata Tingkat I/ III.d,,,
86,Yosua Partogi Monang,19850613 201403 1 002,,Peserta Diklat Sesdilu 80,Penata/ III.c,,,
87,Ragiladi Saputra,-,,Magang Kemnaker Bidang DKANS,-,BMRIIDJA,"1,37002E+12",
88,Sharah Djuwairiyah,-,,Magang Kemnaker Bidang DPID,-,BNINIDJA,255551184,
89,Arie Petra Levy,-,,Mahasiswa Magang Bidang DPID,-,BNINIDJA,1798177788,
90,Ali Murtado,19830701 200801 1 004,,Fungsional Diplomat Ahli Madya,Pembina/ IV.a,BNINIDJA,193706831,
91,Ary Raharjo,19730322 200501 1 001,,Fungsional Diplomat Ahli Madya,Pembina Tingkat I/ IV.b,BRINIDJA,"1,39301E+14",
92,Charles Miduk Somara,19840119 200801 1 002,,Kepala Subdirektorat Upacara Diplomatik dan Tanda Jasa Kehormatan,Pembina/ IV.a,BRINIDJA,"1,39301E+14",
93,Darmia Dimu,19821210 200801 2 013,,Fungsional Diplomat Ahli Madya,Pembina/ IV.a,BNINIDJA,193611236,
94,Dicky Satria Pamungkas,19830831 200801 1 002,,Fungsional Diplomat Ahli Madya,Pembina/ IV.a,BNINIDJA,195796347,
95,Dimas Prihadi,19841013 200801 1 002,,"Kepala Bagian Umum, Dokumentasi, dan Publikasi",Pembina/ IV.a,BMRIIDJA,"1,64E+12",
96,Dumas Amali Radityo,19821003 200603 1 001,,Fungsional Diplomat Ahli Madya,Pembina/ IV.a,BRINIDJA,"1,39301E+14",
97,Dyah Dinanti Puspitasari,19830424 200702 2 001,,Kepala Bagian Administrasi Kementerian,Pembina/ IV.a,BNINIDJA,707970920,
98,Edwien Satya,19800110 200901 1 001,,Fungsional Diplomat Ahli Madya,Pembina/ IV.a,BNINIDJA,195639588,
99,Ekalyptha Setyo Cahyono,19800515 200702 1 001,,Fungsional Diplomat Ahli Madya,Pembina/ IV.a,BNINIDJA,190613938,
100,Felicia Yuwono,19840126 200702 2 001,,Fungsional Diplomat Ahli Madya,Pembina/ IV.a,BMRIIDJA,"1,03001E+12",
101,Ketrin Triwidiastuty,19820427 200702 2 001,,Fungsional Diplomat Ahli Madya,Pembina/ IV.a,BNINIDJA,189950467,
102,Malvino Aprialdy Mazni,19850430 200801 1 001,,Fungsional Diplomat Ahli Madya,Pembina/ IV.a,BNINIDJA,196122763,
103,Mardiana Warnares,19830314 200801 2 009,,Fungsional Diplomat Ahli Madya,Pembina/ IV.a,BNINIDJA,149222913,
104,Mukti Romadona Setianto,19810727 200801 1 011,,Fungsional Diplomat Ahli Madya,Pembina/ IV.a,BNINIDJA,148860752,
105,Nara Masista Rakhmatia,19821216 200801 2 009,,Fungsional Diplomat Ahli Madya,Pembina/ IV.a,BMRIIDJA,"1,01001E+12",
106,Nefertiti Hindratmo,19830529 200702 2 001,3171016905830001,Fungsional Diplomat Ahli Madya,Pembina/ IV.a,BNINIDJA,130844741,
107,Nugrahadi Hendro Yuwono,19831117 200801 1 004,,Kepala Bagian Layanan Hukum,Pembina/ IV.a,BNINIDJA,194957794,
108,Nur Fitria,19800806 200801 2 018,,Fungsional Diplomat Ahli Madya,Pembina/ IV.a,BNINIDJA,195922329,
109,Prakoso Wicaksono,19820423 200801 1 006,,Fungsional Diplomat Ahli Madya,Pembina/ IV.a,BNINIDJA,196027733,
110,Reza Reflusmen Junior,19831206 200801 1 004,,Fungsional Diplomat Ahli Madya,Pembina/ IV.a,BNINIDJA,194957636,
111,Rieza Rahadian Maulana,19820312 200603 1 001,3275091203820007,Kepala Bagian Perencanaan dan Penyusunan Anggaran Kementerian dan Perwakilan,Pembina Tingkat I/ IV.b,BNINIDJA,107322949,
112,Rina Komaria,19790109 200702 2 001,,Kepala Subdirektorat Kawasan Asia Tenggara,Pembina/ IV.a,BMRIIDJA,"1,03001E+12",
113,Robby Achirul,19810318 200801 1 008,,Fungsional Diplomat Ahli Madya,Pembina/ IV.a,BMRIIDJA,"1,03001E+12",
114,Theodora Elfani Prassanti,19821111 200702 2 001,,Kepala Bagian Perencanaan,Pembina/ IV.a,BNINIDJA,193096835,
115,Thoso Priharnowo,19800112 200702 1 001,,Fungsional Diplomat Ahli Madya,Pembina/ IV.a,BMRIIDJA,"1,03001E+12",
116,Virdha Juniar,-,,Tenaga Alih Daya,-,,,
117,Aman,-,,Tenaga Alih Daya,-,BRINIDJA,052401016180503,
118,Andini Gandes Rahmawati,-,,Staf Magang APEL,-,BNINIDJA,386987052,
119,Aziza Fatin Intishar Rahmaghina,-,,Staf Magang APEL,-,BMRIIDJA,1570013468716,
120,Alif Athillah Ramadhan,-,,Staf Magang APEL,-,BMRIIDJA,"1,23001E+12",
121,Piety Nelly Santaria. P,-,,Staf Magang DKans,-,BBLUIDJA,005849373794,
122,Calya Maharani Putri Yuzerman,-,,Staf Magang Dkans,-,BMRIIDJA,1250015240583,
123,Sekar Indira Sihwiyati,-,,Staf Magang DKans,-,CENAIDJA,6611006699,
124,Dimas Vico Marco,-,,Magang Kemnaker Bagian TU,-,CENAIDJA,8415630073,
125,Wallid Rafif Rabbani,-,,Magang Kemnaker Bidang KSFD,-,BRINIDJA,"2,13901E+14",
126,INDRA GUNAWAN,-,,Tenaga Alih Daya,-,BMRIIDJA,1550003872515,
127,SUPRIYONO,-,,Tenaga Alih Daya,-,BRINIDJA,139301001930505,
128,SURONO,-,,Tenaga Alih Daya,-,BMRIIDJA,1030012427346,
129,MULYADI R,-,,Tenaga Alih Daya,-,BRINIDJA,139301001932507,
130,Yusuf Budhyanto,-,,Sekretaris Jenderal ORARI,-,CENAIDJA,8160640201,
131,H. Donny Imam Priambodo,-,,Ketua Umum ORARI,-,CENAIDJA,4491359999,
132,Arief Priatna Rachmatullah,-,,Kabid Operasi dan Teknnik ORARI,-,BMRIIDJA,"1,33001E+12",
133,Ageng Aditya,-,,Kabag Operasi ORARI,-,CENAIDJA,6820305882,
134,Devi Aghita Arifani,-,,Staf Magang UPT Sesdilu,-,-,-,
135,Hengki Andhika Pinandito,197303282000031001,,Diplomat Ahli Muda,Pembina/ IV.a,BNINIDJA,193610265,
136,Firman Agung Suryono,198502122009011001,,PID Ahli Madya,Pembina/ IV.a,BNINIDJA,205777803,
137,Fathur Rohman,198210202009011002,,PID Ahli Muda,Penata Tingkat I/ III.d,BNINIDJA,0196321633,
138,Mujahidah Showafah,199511062022052001,,PID Ahli Pertama,Penata Muda/ III.a,BNINIDJA,1404268248,
139,Mohammad Nisman Falich,199805072022051001,,PID Ahli Pertama,Penata Muda/ III.a,BNINIDJA,1403982957,
140,Astuti,-,,Tenaga Alih Daya,-,BRINIDJA,019301076673533,
141,Dodih,-,,Tenaga Alih Daya,-,BRINIDJA,052401016179502,
142,Hartono,-,,Tenaga Alih Daya,-,BRINIDJA,052401016184507,
143,Ikhwan Pratama,-,,Tenaga Alih Daya,-,BRINIDJA,419201010126534,
144,Januar Siam Nugroho,-,,Tenaga Alih Daya,-,BMRIIDJA,1240016105042,
145,Muslim,-,,Tenaga Alih Daya,-,BRINIDJA,386601036519533,
146,Nurhasan,-,,Tenaga Alih Daya,-,BRINIDJA,052401016175508,
147,Sigit Sugiarto,-,,Tenaga Alih Daya,-,BRINIDJA,123901003086538,
148,Rahmi Fathani,,,Pengelola Pengadaan Barang/Jasa Ahli Pertama Biro Hubungan Masyarakat dan Umum,Penata Muda Tingkat I/ III.b,-,-,
149,Hermawan Kertajaya,-,3578051811470001,,-,CENAIDJA,0120560913,PT MarkPlus Inspirasi Indonesia
150,Supriyanto,198206052007021001,3174090506820005,Kepala Bagian Pencalonan Indonesia pada Organisasi Internasional,Pembina/ IV.a,BMRIIDJA,1030010295315,
151,Elke Alexandrina,-,3174024105740005,Dosen Fakultas Ilmu Komunikasi LSPR Jakart,-,CENAIDJA,5245005994,
152,Yosep Trianugra Tutu,197509102000121001,3276051009750014,Sekretaris BSKLN,Pembina Utama Muda/ IV.c,BNINIDJA,194957251,
153,Rahadian Wisnu Broto,198004182007021001,3174061804800003,Plt. Kasubdit Pertemuan Internasional dan Kerjasama Antar Lembaga,Penata Tingkat I/ III.d,BRINIDJA,139301004165507,
154,Adi Priyanto,196904181995031001,3174101804690005,Diplomat Ahli Madya,Pembina Utama Muda/ IV.c,BNINIDJA,0200065028,
155,Dody Sembodo Kusumonegoro,196610291994031001,3674052910660003,Diplomat Ahli Madya,Pembina Utama Muda/ IV.c,BNINIDJA,195091915,
156,Abdul Hasbi,-,,Staf Diklat Teknis Pusdiklat PBJ,Gol. -,BRINIDJA,95301035823533,
157,Abdul Kadir Jailani,19660318 199303 1 001,,Direktur Jenderal Asia Pasifik dan Afrika,Pembina Utama/ IV.e,BNINIDJA,0193706434,
158,Abun Buhori,19671206 199403 1 001,,Kepala Subbagian Verifikasi Anggaran Wilayah Eropa dan Afrika,Penata Tingkat I/ III.d,BNINIDJA,0189466077,
159,Acep Koyum Adeng Zakaria,19820116 200801 1 009,,Penata Kanselerai Muda,Penata/ III.c,BNINIDJA,0189454765,
160,Acep Somantri,19671210 199503 1 001,3603281012670009,Staf Ahli Bidang Manajemen,Pembina Utama Madya/ IV.d,BMRIIDJA,1240001012674,
161,Achsanul Habib,19680727 199503 1 001,,Direktur HAM dan Kemanusiaan,Pembina Utama Muda/ IV.c,BMRIIDJA,1030005888264,
162,Adam Mulawarman Tugio,19650911 198403 1 001,3271041109650007,Staf Bidang Polhukam,Pembina Utama/ IV.e,BNINIDJA,0014151829,
163,Adani Khairina Praningrum,19950226 202012 2 021,,Analis Keuangan,Penata Muda/ III.a,BNINIDJA,1170211577,
164,Ade Safira,198112012005012001,,Kepala Bidang Perencanaan Pengembangan Evaluasi,Pembina/ IV.a,BNINIDJA,0194022045,
165,Adelia Ogantini,19820502 200603 2 001,,Koordinator Fungsi Berita,Pembina/ IV.a,BNINIDJA,0347437627,
166,Adiguna Wijaya,19740525 199803 1 001,,Diplomat Madya Dit. Eropa II,Pembina Tingkat I/ IV.b,BNINIDJA,0370657779,
167,Adinda Asti Gita,19850525 200901 2 001,,Penata Kanselerai/Bendahara Keuangan,Penata/ III.c,BNINIDJA,0340177708,
168,Adiyatwidi Adiwoso A,19570527 198103 2 008,,Duta Besar Purnakarya,Pembina Utama/ IV.e,BMRIIDJA,1030006139675,
169,Adiyatwidi Adiwoso Asmady,-,,Duta Besar Slovakia 2017-2021,Pembina Utama/ IV.e,BNINIDJA,0014402310,
170,"Afif Miftahul Majid, S.Sos., M.M.",19801006 200912 1 001,,"Widyaiswara Ahli Muda, Pusdiklat KKB BKKBN",Penata Tingkat I/ III.d,BNINIDJA,0191629234,
171,Afrian Asri,19770408 200501 1 001,,Diplomat Muda pada Bidang PPN Pusdiklat,Penata Tingkat I/ III.d,BNINIDJA,0319063798,
172,Agatha Lydia Natania,-,,Staf PPNPN Direktorat Kerja Sama Politik Keamanan ASEAN,Gol. -,BNINIDJA,971444351,
173,"Agung Cahaya Sumirat, M.Si",19700705 199803 1 001,,Direktur Keamanan Diplomatik,Pembina Tingkat I/ IV.b,BMRIIDJA,0700004769993,
174,Agung Hananto Seno,19721219 199303 1 001,,Staf Biro Keuangan,Penata Tingkat I/ III.d,BNINIDJA,0189463418,
175,Agung Prabowo,198310102009121002,,PID Ahli Muda,Penata/ III.c,BNINIDJA,0197427378,
176,"Agus Priono, M.Ec",19671110 199308 1 001,,Kepala Dinas Perizinan & Penanaman Modal DIY,Pembina Utama Muda/ IV.c,BNINIDJA,0014233247,
177,Ahmad Guntur,199806092022051001,,Penelaah Teknis Kebijakan,Penata Muda/ III.a,BNINIDJA,1403027881,
178,Ahmad Jaenudin,19701121 199103 1 001,,Staf Biro Keuangan,Penata Muda Tingkat I/ III.b,BNINIDJA,0189458578,
179,Ahmad Ma'rufi,19810529 200603 1 001,,"Diplomat Madya, Pusat Strategi Kebijakan Kawasan Asia Pasifik dan Afrika",Pembina/ IV.a,BNINIDJA,0193091655,
180,Ahmad Wiza Walady,19930329 201902 1 002,,Perencana Pertama LKPP,Penata Muda Tingkat I/ III.b,BRINIDJA,151101003974509,
181,Akhmad Baihaqie,19810109 200901 1 002,,"Kasubdit Kawasan Timur Tengah, PWNI",Pembina/ IV.a,BRINIDJA,139301003920506,
182,Albert Abdi,19701112 199803 1 001,,Kabag PPI Setditjen,Pembina Utama Muda/ IV.c,BNINIDJA,0014215252,
183,Ali Andika Wardhana,19810515 200501 1 001,,"Kepala Bagian Administrasi Perwakilan dan Antarlembaga, BHAKP",Pembina/ IV.a,BNINIDJA,0193091779,
184,Alia Fitrati,197907042007022001,,Kepala Bidang Kerja Sama Pendidikan dan Pelatihan,Pembina/ IV.a,,,
185,Amelia Ayang Sabrina,199605122018012001,,Analis Kebijakan Ahli Pertama,Penata Muda Tingkat I/ III.b,BRINIDJA,032901090639502,
186,Amelia Limanjaya,19921226 201502 2 001,,Diplomat Pertama pada Direktorat Kerja Sama Eksternal ASEAN,Penata Muda Tingkat I/ III.b,BNINIDJA,0373634374,
187,Andhika Galih Peniastuti Hestiarini,19820819 200603 2 001,,Penata Kanselerai Muda pada Biro Keuangan,Penata Tingkat I/ III.d,BNINIDJA,0275878141,
188,Andi Ardiansyah,19720311 199903 1 001,3276011103720013,Kepala Biro Sumber Daya Manusia,Pembina Utama Muda/ IV.c,BMRIIDJA,1030010292346,
189,Andi Putera Panji A. Sparringa,19840531 200912 1 002,,Kasubag ASEAN,Penata Tingkat I/ III.d,BNINIDJA,0192998552,
190,Andi Rahadian,19690708 199403 1 001,,"Asisten Deputi Koordinasi Pelaksanaan Kebijakan dan Evaluasi Reformasi Birokrasi, Akuntabilitas Aparatur, dan Pengawasan III Kemenpan RB",Pembina Utama Muda/ IV.c,BNINIDJA,0178294928,
191,Andos Manggala Lumban Tobing,19840913 200901 1 001,,Kepala Subbagian Advokasi Hukum Aspek Perlengkapan dan Keuangan BHAKP,Penata Tingkat I/ III.d,BNINIDJA,0145662153,
192,Andre Omer Siregar,19740701 200112 1 001,3275090107740134,Diplomat Ahli Madya,Pembina Utama Madya/ IV.d,BNINIDJA,1693893892,
193,Andri Djufri Said,196708151994031001,,Diplomat Ahli Madya,Pembina Utama Muda/ IV.c,BNINIDJA,0190613473,
194,Andrian Maulana,19910922 201310 1 002,,Bendahara Pengeluaran KPPN I Jakarta,Penata Muda/ III.a,BRINIDJA,124301000014565,
195,Andriansyah,19750107 199903 1 001,3271040701750010,Asdep Ekonomi Makro dan Fiskal,Pembina Utama Muda/ IV.c,BRINIDJA,050701002250508,
196,Andriyanto Eko Ariwibowo,19810827 200801 1 005,,Plt. Kepala Subbagian APK Wil. Asia dan Pasifik,Penata Muda Tingkat I/ III.b,BNINIDJA,0189454164,
197,Andy Milova Mauna,19800618 200603 1 001,471316364017000,"Koordinator Fungsional II, Direktorat Afrika Ditjen Aspasaf",Pembina/ IV.a,BNINIDJA,0190923199,
198,Andy Purwa Sejati,19790928 201502 1 001,3275092809790007,Staf LKPP,Penata Tingkat I/ III.d,BRINIDJA,037801011780507,
199,Anggi Septia Nizarwan,199109232022051001,,Penelaah Teknis Kebijakan,Penata Muda Tingkat I/ III.b,BRINIDJA,142101004665506,
200,Annisa Chyntia Yusup,19960827 202012 2 010,,Calon Perencana Ahli Pertama,Penata Muda/ III.a,BNINIDJA,1173893215,
201,"Annisa Nurul Aini F, S.Psi, MBA",19841002 201101 2 012,,"Widyaiswara Ahli Muda, Kementerian Kominfo",Penata/ III.c,BRINIDJA,121501002082505,
202,Anton Sri Pambudi,19900314 201801 1 001,,Analis Kebijakan Ahli Pertama LAN,Penata Muda Tingkat I/ III.b,BMRIIDJA,1150007063060,
203,Aprildo Zainuddin Mewar,197804012003121001,,Kabid Pendidikan dan Pelatihan Kekanseleraian,Pembina/ IV.a,BNINIDJA,0264502760,
204,Arianto Surojo,19750331 200003 1 001,3175043103750002,Kepala Biro Umum,Pembina Tingkat I/ IV.b,BNINIDJA,0194123666,
205,Arif Havas Oegroseno,19630312 198703 1 001,,Duta Besar LBBP RI di Republik Federal Jerman,Pembina Utama/ IV.e,BNINIDJA,0174408567,
206,Arif Rakhman Bakhtiar,19780425 200312 1 001,,Korfung Berita Direktorat Informasi dan Media,Pembina/ IV.a,BMRIIDJA,1140017012355,
207,Arko Hananto Budiadi,19630307 199103 1 001,,Diplomat Madya pada Direktorat Asia Selatan dan Tengah,Pembina Utama Madya/ IV.d,BNINIDJA,0259525514,
208,Artauli Tobing,NIK. 3174055608500001,,Duta Besar Purnakarya,Gol. IV,BNINIDJA,0014344764,
209,Aryoko Alberto Ferdinand Rumaropen,19760213 200003 1 002,,Kepala Badan Pengembangan Sumber Daya Manusia pada Pemerintah Provinsi Papua,Pembina Utama Muda/ IV.c,PDIJIDJ1,1000205086962,
210,Asih Lintanggayatri,19860531 200801 2 001,,Penata Kanselerai Pertama,Penata Tingkat I/ III.d,BNINIDJA,0280188536,
211,Atikah Dwi Fauziyah,199608262022052001,,Penelaah Teknis Kebijakan,Penata Muda Tingkat I/ III.b,BNINIDJA,1403359931,
212,Atikah Nurul Luthfiah,199708152022052001,,Penelaah Teknis Kebijakan,Penata Muda Tingkat I/ III.b,BNINIDJA,1403359953,
213,Aulia Fajar,199804202022051001,,Diplomat Ahli Pertama,Penata Muda/ III.a,,,
214,Awidya Santikajaya,19830605 200702 1 001,,"Koordinator Fungsi Perdagangan Barang, Perindustrian, dan Kawasan Perdagangan Bebas, Direktorat PPKKI",Pembina/ IV.a,BMRIIDJA,1330023862816,
215,Azizah Nada Fitrilia,199602232022052001,,Penelaah Teknis Kebijakan,Penata Muda/ III.a,BNINIDJA,1403360094,
216,Azwardin Juang Amrullah,19900312 201210 1 001,,Auditor Pertama Dir. Politik dan Penegakan Hukum Deputi Bid. PIP Bid. Polhukam PMK BPKP,Penata Muda Tingkat I/ III.b,BRINIDJA,114801004821500,
217,Bagus Hendraning Kobarsyih,19690915 199710 1 001,,Direktur Timur Tengah,Pembina Tingkat I/ IV.b,BNINIDJA,0255819712,
218,"Bambang Wiyoso, ST, MMSI",19720411 200501 1 001,,Widyaiswara Ahli Madya LAN,Pembina Tingkat I/ IV.b,BMRIIDJA,9000043400887,
219,Baskara Pradipta,19680611 199403 1 001,,Diplomat Madya,Pembina Tingkat I/ IV.b,BNINIDJA,0189457619,
220,Berlianto Pandapotan Hasudungan,19720923 199803 1 001,,Direktur Kerja Sama Ekonoml ASEAN,Pembina Tingkat I/ IV.b,BNINIDJA,193092445,
221,Bernadeta Julia Pratiwi,19740715 200003 2 001,,Diplomat Madya Direktorat Eropa I,Pembina Tingkat I/ IV.b,BNINIDJA,0194957818,
222,Bertylani Saulinggi,19800630 200702 2 001,,Diplomat Muda pada Direktorat Kerja Sama Ekonomi ASEAN,Penata Tingkat I/ III.d,BNINIDJA,0190613609,
223,Bhima Dwipayudhanto,19730619 199903 1 002,,Direktur UPT Sesparlu,Pembina Tingkat I/ IV.b,BNINIDJA,0193312768,
224,Biantri Raynasari,19890608 201402 2 001,,Perencana Ahli Muda LKPP,Penata/ III.c,BMRIIDJA,1240010169051,
225,Billy Wibisono,19801009 200501 1 001,,Koordinator Satuan Tugas G20 Direktorat PELH,Pembina/ IV.a,BMRIIDJA,1030007914274,
226,Bimo Wijayanto,19770705 200212 1 002,,Asisten Deputi Investasi StrategisKementerian Koordinator Bidang Kemaritiman dan Investasi,Pembina Utama Muda/ IV.c,BRINIDJA,035901015474504,
227,Bonifacius Riwi Wijayanto,19750531 200501 1 001,,Kepala Bagian Kelembagaan Kementerian dan Perwakilan,Pembina Tingkat I/ IV.b,BNINIDJA,0193092467,
228,Brigita S Putri,19850513 200801 2 004,,Penata Kanselerai Muda,Penata Tingkat I/ III.d,BNINIDJA,0148832362,
229,Briliantina Putri,19800102 200312 2001,,Diplomat Madya Direktorat Kerja Sama Pembangunan Internasional,Pembina/ IV.a,BNINIDJA,0193092490,
230,Budi Santoso,19720331 199303 1 001,,"Kepala Bagian Kearsipan dan Persuratan Tata Naskah Dinas, Kearsipan dan Kantong Diplomatik",Pembina Tingkat I/ IV.b,BNINIDJA,0014402445,
231,Budi Subandriyo,19780720 200212 1 007,,"Widyaiswara Ahli Madya, Badan Pusat Statistik",Pembina Tingkat I/ IV.b,BRINIDJA,033901115912503,
232,Carolina Tinangon,19701104 199403 2 001,,Sekretaris Direktorat Jenderal Kerja Sama ASEAN,Pembina Tingkat I/ IV.b,BMRIIDJA,1030007690643,
233,Catherina Panjaitan,197109301990032001,,Auditor Madya,Pembina Tingkat I/ IV.b,BNINIDJA,0193092570,
234,Cecep Herawan,19661015 199303 1 002,,Sekretaris Jenderal,Pembina Utama/ IV.e,BNINIDJA,0194021802,
235,Chaikal Nuryakin,-,280924440017000,Lektor LPEM FEB UI,Penata/ III.c,BNINIDJA,0004774185,
236,Chandra H. Gandasubrata,19670320 199310 1 002,,Kepala Subdit Tamu Negara Asing Direktorat Protokol,Pembina Tingkat I/ IV.b,BNINIDJA,0193610628,
237,Chilman Arisman,-,,Diplomat Utama pada Direktorat Kerja Sama Politik Keamanan ASEAN,Pembina Utama/ IV.e,BNINIDJA,0110132158,
238,Chrisna Budi Pamungkas,19881226 201403 1 001,,Penata Kanselerai Muda,Penata Muda Tingkat I/ III.b,BNINIDJA,0346445641,
239,Clara Citra Ariani,199501142019022002,,Perancang Peraturan Perundang-undangan Ahli Pertama,Penata Muda Tingkat I/ III.b,,,
240,Darianto Harsono,19680830 199403 1 001,,Direktur Amerika II,Pembina Utama Muda/ IV.c,BRINIDJA,139301002464507,
241,Darma Fristyana Sinaga,19831011 200912 2 001,,Kepala Subbag Pembinaan Ketatausahaan Keuangan Biro Keuangan,Penata/ III.c,BNINIDJA,0192997659,
242,"Darmawati, S. S.",19821231 200902 2 016,,Pranata Hubungan Masyarakat Ahli Muda Kemendikbud,Penata Tingkat I/ III.d,BMRIIDJA,1220006244803,
243,Darusman Afrikoko,19811112 200603 1 001,,"Kepala Subdirektorat Upacara Diplomatik dan Tanda Jasa Kehormatan, Direktorat Protokol",Pembina/ IV.a,BNINIDJA,0193706808,
244,"Daud Eliezar, S.ST., M.Si",19740408 199612 1 001,,"Widyaiswara Ahli Madya, Pusdiklat Badan Pusat Statistik",Pembina/ IV.a,BRINIDJA,033901116006509,
245,Debbi Oktarossa,198210042007022001,,Kabag Organisasi dan Kepegawaian Setditjen Aspasaf,Pembina/ IV.a,BNINIDJA,189948867,
246,Dede Achmad Rifai,19681220 199303 1 001,,Diplomat Madya pada Pusat Strategi Kebijakan Kawasan Asia Pasifik dan Afrika,Pembina Utama Muda/ IV.c,BMRIIDJA,1030006949628,
247,Deden Suryana,19700421 199103 1 001,,Staf Biro Keuangan,Penata Tingkat I/ III.d,BNINIDJA,0193092795,
248,Dendy Apriandi,19790401.200312.1.004,,Direktur Deregulasi Penanaman Modal BKPM,Pembina Tingkat I/ IV.b,BMRIIDJA,0700004164294,
249,Denny Lesmana,19721016 199803 1 001,,Direktur 15 BIN,Pembina Utama Muda/ IV.c,BMRIIDJA,1660001633536,
250,Devi Ariska,19871221 201212 2 002,,Staf Verifikasi Anggaran Wilayah Amerika dan Timur Tengah,Penata/ III.c,BNINIDJA,0302255606,
251,"Deviana, SKM, Mkes",19641213 198803 2 001,,"Widyaiswara Ahli Madya, BBPK Kemenkes",Pembina Tingkat I/ IV.b,BMRIIDJA,1260001312643,
252,Dewi Petroliza,19790626 200312 2 001,,Kepala Bagian Perencanaan Kinerja Kementerian dan Perwakilan,Pembina/ IV.a,BNINIDJA,0225945823,
253,Diah Ayu Kartika,198908102014032003,,Kasubbag Organisasi Kementerian,Penata/ III.c,BNINIDJA,0346444910,
254,Dian Cahyawati,19871120 200912 2 002,,Penata Kanselerai Pertama pada Biro Keuangan,Penata Muda/ III.a,BMRIIDJA,1030007297688,
255,Dian Kusumaningsih,19681115 199203 2 001,,Kepala Biro Keuangan,Pembina Tingkat I/ IV.b,BNINIDJA,221167436,
256,Dian Priheryanti Havid,19690929 199803 2 001,,Diplomat Madya Dit. Eropa II,Pembina Utama Muda/ IV.c,BNINIDJA,0193091655,
257,Dian Triansyah Djani,19620709 198611 1 001,,Staf Khusus untuk Penguatan Program-Program Prioritas,Pembina Utama/ IV.e,BNINIDJA,0261990985,
258,Dian Wirengjurit,19570508 198403 1 001,,Diplomat Utama; Tenaga Ahli Menteri ESDM,Pembina Utama/ IV.e,BNINIDJA,0322479383,
259,Diar Nurbintoro,-,,Duta Besar Purnakarya,Gol. IV,BNINIDJA,0189950321,
260,Dicky Komar,19640716 199003 1 001,,Diplomat Madya pada Direktorat HAM dan Kemanusiaan,Pembina Utama Madya/ IV.d,BNINIDJA,0328364058,
261,Dicky Yunus,19720526 199103 1 001,,Diplomat Madya pada Direktorat Perlindungan WNI,Pembina Utama Muda/ IV.c,BNINIDJA,0236334173,
262,Didi Sumedi,19640528 199003 1 002,,Direktur Jenderal Pengembangan Ekspor Nasional Kementerian Perdagangan,Pembina Utama/ IV.e,CENAIDJA,0951758395,
263,Didik Eko Pujianto,19661023 199103 1 001,,Sekretaris Direktorat Jenderal Protokol dan Konsuler,Pembina Utama Madya/ IV.d,BRINIDJA,139301004000503,
264,Didin Rusyad Nurdin,-,,Staf Pendukung Unit Kerja LKPP,Gol. III,BRINIDJA,037801001503509,
265,Dienne H. Moehario,19580323 198303 2 001,,Fungsional Diplomat Ahli Utama,Pembina Utama/ IV.e,CENAIDJA,3051365371,
266,Dimas Wisudawan,198607152012121003,,"Kepala Subbagian Karier, Kompetensi dan Kinerja",Penata/ III.c,BMRIIDJA,1030006425843,
267,Dina Deviana,199604222022052001,,Penelaah Teknis Kebijakan,Penata Muda Tingkat I/ III.b,BNINIDJA,1403360594,
268,Dinda Pranasetya Djojonegoro,19771212 200312 1 001,,Diplomat Madya pada Direktorat Amerika II,Pembina/ IV.a,BNINIDJA,0262677052,
269,Dini Vita Widjoningtias,198303052007022001,,Kabag Organisasi dan Kepegawaian Setditjen Protkons,Penata Tingkat I/ III.d,BNINIDJA,0259677318,
270,Djatu Riyanda Primadini,19790624 200312 2 017,,Diplomat Madya,Pembina/ IV.a,BNINIDJA,14236849,
271,Djoko Sulastomo,197311022000031001,,Kepala Subdit Barang Diplomatik dan Pas Bandara,Pembina Tingkat I/ IV.b,,,
272,Dodi Priambodo Joebihakto,19780122 200603 1 001,,Kabag Pengisian Jabatan dan Mutasi Biro SDM,Pembina/ IV.a,BMRIIDJA,1030006802124,
273,Dodo Sudradjat,19641023 198803 1 001,,Inspektur Wilayah I,Pembina Utama Muda/ IV.c,BNINIDJA,0263307432,
274,Dominggus Suebu,199202092015061001,,"Kasubbag Analisis Produk Hukum, Dokumentasi, dan Publikasi",Penata/ III.c,BNINIDJA,0387472597,
275,"Dr. (c) Rivelino, SSTP., M.M.",19780509 199612 1 001,,"Widyaiswara Ahli Madya, BPSDM KEMENDAGRI",Pembina Tingkat I/ IV.b,CENAIDJA,5770798274,
276,"Dr. Ade Suhendar, ST., MAP.",19810902 200804 1 001,,"Widyaiswara Ahli Muda, Puslatbang PKASN LAN RI",Penata/ III.c,BMRIIDJA,1310015945308,
277,"Dr. Amin Fauzi, S. Hut., M. Si",19680221 199503 1 001,,"Widyaiswara Ahli Madya, Balai Diklat Lingkungan Hidup dan Kehutanan Kadipaten",Pembina Utama Muda/ IV.c,BMRIIDJA,1520006362970,
278,"Dr. Baban Sobandi, SE, M.Si",19670501 199303 1 001,,"Widyaiswara Ahli Madya, Puslatbang PKASN - LAN",Pembina Utama Muda/ IV.c,MUABIDJA,1090002691,
279,"dr. Dedi Kuswenda, M.Kes.",19570917 198703 1 001,,"Widyaiswara Ahli Utama, BBPK JAKARTA KEMENTERIAN KESEHATAN",Pembina Utama Madya/ IV.d,BNINIDJA,0125692513,
280,"dr. Dhanita Amir, M.Kes.",119710808 200212 2 001,,"Widyaiswara Ahli Madya, BPSDM KEMENDAGRIBBPK Jakarta, Dirjen Nakes Kemenkes RI",Pembina/ IV.a,BDKIIDJA,40123154725,
281,Dr. Hassan Wirajuda,NIK. 3174090907480003,,Menteri Luar Negeri (2001-2009),Gol. IV,CENAIDJA,6040480704,
282,"Dr. Hironymus Ghodang, S.Pd., M.Si",19700706 199801 1 001,,"Widyaiswara Ahli Utama, BPSDM Provinsi Sumatera Utara",Pembina Utama Madya/ IV.d,BNINIDJA,1362423846,
283,"Dr. Ir. Diah Zuhriana, M.Pd",19671031 199503 2 001,,"Widyaiswara Ahli Madya, Balai Diklat Lingkungan Hidup dan Kehutanan Bogor",Pembina Utama Muda/ IV.c,BNINIDJA,526356358,
284,"Dr. Ir. Momon Rivai, M.Sc",19610323 199303 1 004,,"Widyaiswara Ahli Utama, BPSDM Provinsi Jawa Barat",Pembina Utama Madya/ IV.d,PDJBIDJA,0273210329089,
285,"Dr. Ir. Suprayoga Hadi, MSP",19650530 199103 1 002,479660813002000,Deputi Bidang Dukungan Kebijakan Pembangunan Manusia dan Pemerataan Pembangunan Sekretariat Wakil Presiden,Pembina Utama/ IV.e,BNINIDJA,0014383384,
286,"Dr. M. Muhamad Harry Rahmadi, MM",NIP.19851009 201101 1 012,,"Widyaiswara Ahli Muda, Puslatbang KDOD LAN RI",Penata Tingkat I/ III.d,BMRIIDJA,1480010479403,
287,"dr. Maryono, M.Kes",19670420 199903 1 006,,"Widyaiswara Ahli Madya, BBPK Cikarang",Pembina/ IV.a,CENAIDJA,6070352581,
288,"dr. Wulandari Indri Hapsari, MPH",19800114 200912 2 002,,"Widyaiswara Ahli Muda, Bapelkes Semarang",Penata Tingkat I/ III.d,BRINIDJA,308501030208530,
289,"Dra. Ida Nurmayanti, M.Si",19680307 199303 2 001,,"Widyaiswara Ahli Utama, KLHK",Pembina Utama/ IV.e,BRINIDJA,001201063103501,
290,"Dra. Sinta Dame Simanjuntak, M.A.",19660306 199702 2 001,,"Widyaiswara Ahli Madya, LAN RI",Pembina Utama Muda/ IV.c,BNINIDJA,0004250413,
291,"drg. Maria Ema Lestari Lamanepa, M.Si.Med",19650302 199002 2 002,,"Widyaiswara Ahli Madya, Balai Besar Pelatihan Kesehatan Jakarta",Pembina Utama Muda/ IV.c,BNINIDJA,0144428396,
292,"Drs. Akmal Malik, M.Si",19700316 199101 1 001,,Direktur Jenderal Otonomi Daerah Kementerian Dalam Negeri,Pembina Utama Madya/ IV.d,BNINIDJA,1603197074,
293,"Drs. Andy Rachmianto, M.Phil.",19650408 199210 1 001,,Direktur Jenderal Protokol dan Konsuler,Pembina Utama Madya/ IV.d,BRINIDJA,139301003581506,
294,"Drs. Dermawan, M.Si",19630628 198503 1 003,,Asdep PUG Bidang Politik dan Hukum Kementerian PPPA,Pembina Utama Madya/ IV.d,BMRIIDJA,1210005923184,
295,"Drs. Haris Iriyanto, A.Md., S.Sos., M.Pd.",19701130 199903 1 003,,"Widyaiswara Ahli Muda, BPSDM Provinsi DKI Jakarta",Penata Tingkat I/ III.d,BNINIDJA,0193035395,
296,"Drs. Muhammad Iqbal Fadillah, M.Ed.L",19670303 199503 1 001,,"Widyaiswara Ahli Madya, LAN RI",Pembina Utama Muda/ IV.c,CENAIDJA,3011068594,
297,Drs. Sony Sandra M.Pd,11940003680669,,Kabiddik Pusdiklat BIN,Gol. Kolonel,BMRIIDJA,1010010600318,
298,"Drs. Wayan Rai Suarthana, M.M.",19571227 198501 1 001,,"Widyaiswara Ahli Utama, Kementerian Kesehatan",Pembina/ IV.a,BNINIDJA,0213713680,
299,"Drs. Widoyoko, MAP",19640325 199303 1 001,,Arsiparis Mahkamah Agung,Pembina Utama Muda/ IV.c,BMRIIDJA,1270093039095,
300,Dupito Damar Simamora,19630723 198903 1 001,59395681025000,Diplomat Senior pada Direktorat Pasifik dan Oseania,Pembina Utama Madya/ IV.d,BMRIIDJA,1030005917386,
301,Dwi Larso,196506281992021001,,Direktur Beasiswa LDPD,Pembina/ IV.a,BNINIDJA,0233160786,
302,"Dwi Rahmanendra, S.Hut., M.Pd",19790205 200801 1 001,,"Widyaiswara Ahli Muda Pusat Diklat SDM LHK, KLHK",Pembina/ IV.a,BRINIDJA,001201097268501,
303,"Dwi Rahmanendra, S.Hut., M.Pd.",19790205 200801 1 001,,"Widyaiswara Ahli Muda, Pusat Diklat SDM LHK, KLHK",Pembina/ IV.a,BRINIDJA,001201097268501,
304,Edi Sucipto,19681119 199103 1 001,,Pelaksana Bagian Verifikasi Biro Keuangan,Penata Tingkat I/ III.d,BNINIDJA,0723846383,
305,"Edy Suprapto, S.Si, M.Si.",NIP.19720915 199303 1 001,,"Widyaiswara Ahli Muda, BBPK Jakarta- Kementerian Kesehatan",Pembina/ IV.a,BMRIIDJA,0700099044559,
306,Efendy Ponco Prasetyo,19840910 200901 1 001,,Penata Kanselerai Biro Keuangan,Gol. III,BNINIDJA,0170979736,
307,Eko Santoso Junor,19680507 199603 1 003,,Diplomat Madya,Pembina Tingkat I/ IV.b,BNINIDJA,0332557146,
308,"Eko Yulian, S.Si, M.Stat.",19860717 200902 1 004,,Widyaiswara Muda Pusdiklat BPS,Penata/ III.c,BRINIDJA,033901115955501,
309,Elbanita Lingkansurya Ruru,19720609 199803 2 001,,Diplomat Madya Direktorat Eropa I,Pembina Tingkat I/ IV.b,BNINIDJA,0189950637,
310,Elizabeth Diana Dewi,198010122007022001,,Kepala Bagian Tata Usaha,Pembina/ IV.a,BNINIDJA,130780514,
311,Emma Firda Zikriyah,19750101 199602 2 001,,Penata Kanselerai Muda Biro Keuangan,Penata/ III.c,BNINIDJA,0192997671,
312,Emma Natalia Saragih,19891205 201212 2 001,,Penata Kanselerai Pertama,Penata/ III.c,BNINIDJA,0326909798,
313,Emmi Latifah,199310042025212021,,Penata Layanan Operasional,PPPK/Gol. IX,BNINIDJA,1238105836,
314,Enita Roseana Sari,19830117 200901 2 001,,Penata Kanselerai Muda,Penata Tingkat I/ III.d,BNINIDJA,038401015888508,
315,Erna Diana,19830903 200603 2 001,3272024309830003,JFPK Ahli Madya,Pembina/ IV.a,BNINIDJA,0193093299,
316,Erna Herlina,19771025 200003 2 001,,"Diplomat Madya, Pusat SKK Amerika dan Eropa",Pembina Tingkat I/ IV.b,BMRIIDJA,1030006734699,
317,Erry Kananga,19770320 200312 2 001,,Kepala Bagian AKPSP,Pembina/ IV.a,BNINIDJA,0193093324,
318,Erwin Muhammad Akbar,19771202 200501 1 001,,"Fungsional Diplomat Madya, Direktorat Kerja Sama Ekonomi ASEAN",Pembina/ IV.a,BNINIDJA,0328685460,
319,Eva Ayuga Ningrum,19861220 201502 2 001,,Pengelola Pengadaan Barang/Jasa Muda,Penata/ III.c,BSMDIDJA,7118354111,
320,Eva Nurdinna Agustini,19800816 201012 2 001,,Asesor SDM Aparatur Pertama LKPP,Penata Muda Tingkat I/ III.b,BSMDIDJA,7118354642,
321,Evania Olgasari,199501202022052001,,Penelaah Teknis Kebijakan,Penata Muda/ III.a,BRINIDJA,324901007711506,
322,Fachry Sulaiman,19640524 199203 1 001,,"Dit Kamdip, Ditjen IDP",Pembina Utama Madya/ IV.d,BNINIDJA,0102301990,
323,Fadhly Ahmad,19770216 200901 1 001,3175041602770002,Kepala Sub Direktorat Tamu Negara Asing,Pembina Tingkat I/ IV.b,BMRIIDJA,1030005895517,
324,Fahmad Rifqi Ramulo,19800715 200501 1 002,,Kepala Bagian Pengisian Jabatan dan Mutasi,Pembina/ IV.a,BNINIDJA,0193093391,
325,Fahmi Alli Sarosa,19791207 200312 1 001,,Kepala Bagian Perencanaan dan Penyusunan Anggaran Kementerian dan Perwakilan,Penata Tingkat I/ III.d,BNINIDJA,0256727716,
326,Fahmi Jamaludin,19720717 199803 1 001,,"Koordinator Fungsi Wilayah Asia Timur, Direktorat Jenderal Kerja Sama ASEAN",Pembina Tingkat I/ IV.b,BNINIDJA,0302299972,
327,Fahmi Prayoga,19820622 200501 1 002,,"Koordinasi Isu Sosial dan Ketenagakerjaan, Dit Hukum dan Perjanjian Sosial Budaya",Pembina/ IV.a,BNINIDJA,0288293316,
328,Faizal Chery Sidharta,19710327 199903 1 004,,Direktur Kerja Sama Eksternal ASEAN,Pembina Utama Muda/ IV.c,BNINIDJA,0356776498,
329,Fajar Maulana,19910926 201101 1 001,,Staff Bidang Pencegahan Kebakaran,Penata Muda/ III.a,CENAIDJA,0940765633,
330,Fanni Sufiandi,201910094,,Kepala Divisi Operasional Umum dan Pengadaan,Gol. III,BNINIDJA,1247279201,
331,Faraiditto Suharyono,197512072000121001,,Kepala Bidang Penyelenggaraan Diklat UPT Sesparlu,Pembina Tingkat I/ IV.b,BNINIDJA,3420063830,
332,Faramela Azania,19840216 200912 2 001,,Kepala Subbidang Diklat Jabatan Fungsional Lainnya dan Unsur Pendukung Pusdiklat,Penata/ III.c,BNINIDJA,0192998868,
333,Fauziah Rahmah Muin,19810522 200801 2 017,3175076205810017,Diplomat Ahli Muda Setditjen Protkons,Penata Tingkat I/ III.d,BRINIDJA,324501014249536,
334,Febsa Fernando,19960223 201612 1 001,,Pelaksana Direktorat Jenderal Perbendaharaan,Penata Tingkat I/ III.d,BMRIIDJA,9000034869793,
335,Ferry Akbar Pasaribu,19720318 199803 1 001,,Asisten Deputi Strategi dan Kebijakan Percepatan Investasi,Pembina Utama Muda/ IV.c,BMRIIDJA,1030018180303,
336,"Ferry Firdaus, S. Pd, M.Ed",19691214 199603 1 001,,Widyaiswara Madya LAN,Pembina Tingkat I/ IV.b,BMRIIDJA,1150006998365,
337,Fifi Afianita Firdaus,198004282006032001,,Plt. Kabag Organisasi dan Kepegawaian Setditjen Amerop,Pembina/ IV.a,BNINIDJA,0107195421,
338,Fiki Oktanio,19761003 200003 1 001,,Diplomat Madya Direktorat Amerika I,Pembina Tingkat I/ IV.b,BNINIDJA,0193610991,
339,Fikrirrahmat,19960203 202012 1 012,,Diplomat Pertama,Penata Muda/ III.a,BMRIIDJA,1030009835071,
340,Fitriyani,198207252007022001,,Kabag Organisasi dan Kepegawaian Setditjen Amerop,Pembina/ IV.a,BNINIDJA,0130793840,
341,Foster Gultom,19580612 198503 1 001,,Diplomat Utama,Pembina Utama/ IV.e,BNINIDJA,14402604,
342,Fransiska Monika Yunita,198206102008012016,,Kabag Perencanaan,Pembina/ IV.a,BMRIIDJA,1030005907601,
343,Frisca Permatasari,19840502 200801 2 006,,Kepala Subbag Gaji dan Tunjangan Biro Keuangan,Penata/ III.c,BNINIDJA,0189948776,
344,"Fuad Adriansyah, Ir, M.Si",19730606 199710 1 001,,Kepala Pusat Pembinaan Jabatan Fungsional,Pembina Tingkat I/ IV.b,BNINIDJA,0252026533,
345,Fuad Ramadan Putra,19910328 201902 1 002,,Perencana Pertama,Penata Muda/ III.a,BNINIDJA,0800495753,
346,Gatut Sumbogodjati,19620812 199103 1 013,,Direktur Pengolahan dan Pemasaran Hasil Tanaman Pangan Kementerian Pertanian,Pembina Utama Muda/ IV.c,BMRIIDJA,1270007885419,
347,Ghofar Ismail,19740828 200003 1001,,Diplomat Madya Direktorat Diplomasi Publik,Pembina Tingkat I/ IV.b,BNINIDJA,0194123848,
348,Gracetiara Mera Diviani,-,,Staf Jasa Lainya Pusat Pelatihan SDM PBJ LKPP,Gol. -,BMRIIDJA,1360013631798,
349,Gustaf Daud Siriat,19810814 200501 1 001,,Kortung Hak EKOSOB dan Pembangunan,Pembina/ IV.a,BNINIDJA,0193093629,
350,Haerudin,19700710 199003 1 001,,Kepala Subbagian Wilayah II Bagian Pengelolaan BMN Biro Umum,Penata Tingkat I/ III.d,BNINIDJA,0014234558,
351,Hamdani,19700116 199103 1 002,,Staf Bidang PPN,Penata Tingkat I/ III.d,BRINIDJA,139301003707500,
352,Hamzah Thayeb,NIK. 3174103105520000,,Duta Besar Purnakarya,Gol. IV,BNINIDJA,0193705226,
353,Hanif Farhan Muhammad,199810312022051001,,Diplomat Ahli Pertama,Penata Muda/ III.a,BNINIDJA,1403620601,
354,Hari Prabowo,19760705 200012 1 001,,"Direktur Pembangunan, Ekonomi dan Lingkungan Hidup",Pembina Utama Muda/ IV.c,BNINIDJA,0193313909,
355,Harry Rusmana Irawan,19770211 200003 1 001,,Direktur UPT Sekdilu,Pembina Utama Muda/ IV.c,BNINIDJA,0173056466,
356,Harry Sri Kahartan Kusuma W.,19770601 200312 1 003,,Widyaiswara Madya Pusat Pelatihan Sumber Daya Manusia Pengadaan Barang/Jasa,Pembina/ IV.a,BMRIIDJA,,
357,Hartyo Harkomoyo,19770624 200012 1 001,,Direktur Informasi dan Media,Pembina Tingkat I/ IV.b,BMRIIDJA,‪1330014091771,
358,Harya Kakerasana Sidharta,19641018 199303 1 001,,"Korfung KS Penerangan, Pendidikan dan Kebudayaan, Dit. Kerja Sama Sosial Budaya ASEAN",Pembina Utama Muda/ IV.c,BNINIDJA,0189948969,
359,Heinrich Arlawel Mangatur,19920323 201902 1 002,,Perencana Pertama,Penata Muda/ III.a,BNINIDJA,0800495481,
360,"Heni Hamidah, S.Sos, M.Si",-,,Konsul Republik Indonesia Tawau,Pembina Utama Muda/ IV.c,BNINIDJA,0034532764,
361,Heni Rusmini,19720108 199403 2 001,,Staf Pelaksana Biro Keuangan,Penata Tingkat I/ III.d,BNINIDJA,0189455511,
362,Herliany Yuswanita,19791002 200801 2 006,,Pranata Informasi Diplomatik Muda pada Bidang Tata Kelola TIK,Penata Tingkat I/ III.d,BMRIIDJA,1030008169027,
363,Herlina Widyaningrum,19850303 201212 2 003,,Kepala Subbagian Pengendalian Anggaran Wil. Eropa dan Afrika Biro Keuangan,Penata/ III.c,BNINIDJA,0302255594,
364,Hermawan Janu Wibowo,198201192007021001,,"Kepala Bagian Penghargaan, Disiplin dan Tata Usaha",Penata Tingkat I/ III.d,BNINIDJA,0190614182,
365,Heru Budiarso,197205232000031001,,Kepala Bidang Pendidikan dan Pelatihan Teknis,Pembina Tingkat I/ IV.b,BNINIDJA,0014344301,
366,Hery Fadhly Zulni,19900511 202203 1 001,1305011105900001,Staf LKPP,Penata Muda/ III.a,BRINIDJA,739708915201000,
367,Hesty Mustikawati Lonmasa,197708141996032001,,Analis SDM Aparatur Madya,Pembina/ IV.a,BMRIIDJA,1030006531855,
368,Hilman Fazri,19890312 201402 1 001,,Analis Kebijakan Muda LKPP,Penata/ III.c,BRINIDJA,012001078825507,
369,I Gede Ngurah Swajaya,19620311 198703 1 017,,Direktur Jenderal Amerika dan Eropa,Pembina Utama/ IV.e,BNINIDJA,0228518582,
370,I Gusti A. Wesaka Puja,NIK. 3174061101620003,,ASEAN Institute for Peace And Reconciliation,Pembina Utama/ IV.e,BNINIDJA,0262728383,
371,Ibnu Wahyutomo,19660315 199103 1 001,,Inspektur Jenderal,Pembina Utama Madya/ IV.d,BMRIIDJA,1030005900861,
372,Ichsan Firdaus,-,,Staf PPNPN Teknis Bagian Pengendalian Anggaran Biro Keuangan,Gol. -,BNINIDJA,357427617,
373,Ichsan Zulkarnaen,19720829 199703 1 001,,Asisten Deputi Peningkatan Daya Saing Ekonomi,Pembina Utama Madya/ IV.d,BNINIDJA,0014401032,
374,Iim Rohimah,197103101991032001,,Kabag Umum dan Kepegawaian BSKLN,Pembina/ IV.a,BNINIDJA,1291021600,
375,Iis Karmila,19761118 199803 2 001,,Penata Kanselerai Madya pada Biro Umum,Pembina/ IV.a,BNINIDJA,0193706229,
376,Ika Dyah Aryati,19940329 201612 2 001,,Fungsional Umum Direktorat Akuntansi dan Pelaporan Keuangan,Pengatur/ II.c,BRINIDJA,676301010229533,
377,Ika Kusuma Permana Sari,19740402 200502 2 001,,Direktur Manajemen Strategis Kementerian Pariwisata dan Ekonomi Kreatif,Pembina Tingkat I/ IV.b,BMRIIDJA,1030004419335,
378,Ika Masteka,19870310 200912 2 001,,Kepala Subbagian Administrasi Pejabat Perbendaharaan dan Kerugian Negara Biro Keuangan,Penata/ III.c,BNINIDJA,163434986,
379,"Ika Retna Wulandary, ST., M.Sc",19830611 2009 01 2 008,,Plt. Direktur Regional III Kementerian Perencanaan Pembangunan Nasional/BAPPENAS,Pembina/ IV.a,BNINIDJA,0162989361,
380,Ika Yuli Indarti,19830704 200603 2 001,,Kepala Subbagian Verifikasi Anggaran Wilayah Asia dan Pasifik Biro Keuangan,Penata/ III.c,BNINIDJA,234066512,
381,Ilmi Ginanjar,19831123 200912 1 001,,Diplomat Muda pada Direktorat Kerja Sama Sosial Budaya ASEAN,Penata/ III.c,BNINIDJA,0192998971,
382,Imam Arumsyah,19821125 201012 1 001,,Analis Kebijakan Muda Direktorat Advokasi pemerintah Daerah,Penata/ III.c,BRINIDJA,037801004691505,
383,"Iman Kastubi, SKM, MA.",19700420 199103 1 006,,Widyaiswara Pertama BBPK Ciloto,Penata Tingkat I/ III.d,BSMDIDJA,7169511521,
384,Iman Santosa,19700812 199903 1 001,,Direktur Hubungan Antarlembaga Kementerian Pariwisata dan Ekonomi Kreatif,Pembina Utama Muda/ IV.c,BMRIIDJA,1670001866754,
385,Indira Kirana Dewi,199804122022052001,,Diplomat Ahli Pertama,Penata Muda/ III.a,BNINIDJA,1403383512,
386,Indro Wicaksono,19881107 201502 1 001,3175020711880009,Staf LKPP,Penata/ III.c,BNINIDJA,1951446944,
387,"IR I Nyoman Adhiarna, M.ENG, Ph.D.",19670314 199101 1 001,,Sekretaris Ditjen Aptika,Pembina Utama Muda/ IV.c,BMRIIDJA,1210004542647,
388,"Ir. Arif Rahman, M.T",19660602 199202 1 001,,Kepala Biro Perencanaan Sekretariat Kementerian Koordinator Bidang Kemaritiman dan Investasi,Pembina Utama Madya/ IV.d,BMRIIDJA,1030002083968,
389,Irfan Pirma,198405172009011001,,Pranata Informasi Diplomatik Ahli Muda,Penata Tingkat I/ III.d,BNINIDJA,0196111762,
390,Irvan Bukhari,197203032000031001,,Direktur Protokol,Pembina Utama Muda/ IV.c,,,
391,Ismunandar,19700609 199402 1 001,,Duta Besar KBRI Paris/Wakil Tetap RI untuk UNESCO,Pembina Utama Madya/ IV.d,BMRIIDJA,1220090099006,
392,Isya Sasmita,19880512 200912 1 001,,Kepala Subbagian Akuntansi dan Pelaporan Keuangan Wilayah Asia dan Pasifik Biro Keuangan,Penata/ III.c,BNINIDJA,0192997739,
393,Iwan Freddy Hari Susanto,19691110 199503 1 001,,Direktur Amerika I,Pembina Utama Muda/ IV.c,BNINIDJA,0271548638,
394,Jakatama Kusuma Nandito,199705142022051001,3273131405970003,Diplomat Ahli Pertama,Penata Muda/ III.a,BNINIDJA,1403981748,
395,Jane Runkat,19770808 200501 2 001,,"Korfung Penanggulangan Kejahatan Lintas Negara, Dir. KS Internasional dan Perlucutan Senjata",Pembina/ IV.a,BNINIDJA,319267817,
396,Jantu Karshiyan Widiarti,19890122 200912 2 001,,Penata Kanselerai,Penata/ III.c,BMRIIDJA,1030007283308,
397,Jati Heri Winarto,19760622 200312 1 001,,"Kepala Bagian Penghargaan, Disiplin, dan Tata Usaha",Pembina/ IV.a,BNINIDJA,0224821183,
398,Jernih Wati Laoli,19681129 199403 2 001,,Staf Bagian Pengendalian Biro Keuangan,Penata Tingkat I/ III.d,BNINIDJA,0190923235,
399,Jifiawan Gana Putra,19860428 200912 1 001,,Kepala Subbagian Pengelolaan Perjanjian Kerja dan Kinerja Pegawai Setempat Amerika dan Eropa BSDM,Penata/ III.c,BNINIDJA,0193090130,
400,Joko Susanto,19761015 200012 1 002,,Staf Pengajar Departemen Hubungan Internasional,Penata Tingkat I/ III.d,BMRIIDJA,1410009838798,
401,"Joko Susilo, S.Hut., M.Sc.",19820306 200801 1 025,,Widyaiswara Madya KLHK,Pembina/ IV.a,BMRIIDJA,1340015054025,
402,Judha Nugraha,19741109 200012 1 001,,Direktur Pelindungan WNI,Pembina Tingkat I/ IV.b,BMRIIDJA,1230004482420,
403,Juliana Sianipar,19800814 200603 2 001,,Kepala Subbagian PNBP dan Penyelesaian Beban Pusat Biro Keuangan,Penata/ III.c,BNINIDJA,0193097294,
404,Juliartha Nugrahaeny Pardede,197907282006032001,,Kabag Hukum dan Peraturan Perundang-undangan,Pembina/ IV.a,,,
405,Juniarty Erika Magdalena Saragi,19890623 201502 2 001,,Pengelola PBJ Pertama LKPP,Penata Muda Tingkat I/ III.b,CENAIDJA,5720381259,
406,Kamal Mubarak Makalam,19950907 202012 1 009,,Diplomat Pertama,Penata Muda/ III.a,BNINIDJA,1169669427,
407,Khosidan,19681220 199103 1 001,,Staf Bidang PPN,Penata Muda Tingkat I/ III.b,BNINIDJA,316556539,
408,Kilin Prasetyo,19761108 199701 1 001,,Pranata Informasi Diplomatik Muda,Penata Tingkat I/ III.d,BNINIDJA,0288944064,
409,Kristina Natalia,19801226 200501 2 001,,"Diplomat Madya, Direktorat Kerja Sama Sosial Budaya ASEAN",Pembina/ IV.a,BNINIDJA,0274537688,
410,Kurniawan Wibowo,198103202007021001,,Kabag Organisasi dan Kepegawaian Setditjen IDP,Pembina/ IV.a,BNINIDJA,0527597778,
411,Kurnya Kusuma Dewy,19870617 201212 2 002,,Kepala Subbagian Evaluasi Kinerja Wilayah II,Penata/ III.c,BNINIDJA,0302255196,
412,Kusrini Rahayu,19681212 199003 2 001,,Penata Kanselerai Madya,Penata Tingkat I/ III.d,BNINIDJA,0243704851,
413,"LA MIMI, S.SOS, MSI",19710401 199201 1 004,,Widyaiswara Muda BPSDM Kementerian Dalam Negeri,Pembina/ IV.a,BRINIDJA,147001003018503,
414,Ladayna Nurul Arasy,199601182022052001,,Penelaah Teknis Kebijakan,Penata Muda Tingkat I/ III.b,BNINIDJA,1403982470,
415,Laela Fitriah,197807242006032001,,Kepala Bagian Tata Usaha,Pembina/ IV.a,BRINIDJA,032901079114503,
416,Lanang Seputro,19680107 199303 1 001,,Sekretaris Inspektorat Jenderal,Pembina Utama Muda/ IV.c,BNINIDJA,0117583966,
417,Laras Wahyuning Hapsari,199403092022052001,,PK Ahli Pertama,Penata Muda Tingkat I/ III.b,BMRIIDJA,9000042051822,
418,Lasmaria Ambarita,19800130 200801 2 012,,Staf Bagian Pengendalian Biro Keuangan,Penata Muda Tingkat I/ III.b,BNINIDJA,0190614331,
419,Lidianti,19850209 200603 2 001,,Staf Biro Sumber Daya Manusia,Penata/ III.c,BNINIDJA,0110001894,
420,Lidya Wahyu Sari,199410272019022001,,Kepala Subbidang Pengembangan,Penata Muda Tingkat I/ III.b,BNINIDJA,0799798225,
421,Lintang Paramitasari,19780914 200312 2 018,,Direktur Sekdilu,Pembina/ IV.a,BRINIDJA,032901079115509,
422,Lora Florencia BR. Ginting,19870122 201012 2 001,,Kepala Subbidang Analisis Pengembangan Kompetensi dan Fasilitasi Organisasi Profesi Pusbinjabfung,Penata/ III.c,BNINIDJA,0217159942,
423,Lucky Nugraha,19781127 200312 1 001,,"Diplomat Madya, Pusat Strategi Kebijakan Multilateral, BSKLN",Pembina/ IV.a,BNINIDJA,0014237300,
424,Luhur Satriya Pambudi,19870913 201012 1 001,,Penata Kanselerai Muda,Penata/ III.c,BNINIDJA,0339666545,
425,Lusy Surjandari,19660321 199103 2 003,,Kepala Bagian Pemantuan dan Analisis Tindak Lanjut Hasil Pemeriksaan,Pembina Utama Muda/ IV.c,BNINIDJA,0193094544,
426,Lutfi Ramadhan,NIK. 3173080404910008,,Staf Pendukung Unit Kerja LKPP,Gol. III,BRINIDJA,173101004796508,
427,Lyta Permatasari M.Si,19750810 200312 2 005,,Analis Pemberdayaan Masyarakat pada Kementerian Lingkungan Hidup & Kehutanan,Pembina/ IV.a,BNINIDJA,310012253335,
428,M. Adam Aprisal,19920409 201502 1 001,,Kepala Seksi Dukungan Protokol Menlu RI di Dalam dan Luar Negeri,Penata/ III.c,BNINIDJA,373701422,
429,M. I. Derry Aman,19710416 199403 1 001,,Duta Besar LBBP/Wakil Tetap RI untuk ASEAN,Pembina Utama Madya/ IV.d,BMRIIDJA,1030006143602,
430,Mahendra,19660507 199210 1 001,,"Diplomat Madya, Direktorat Jenderal Kerja Sama ASEAN",Pembina Utama Muda/ IV.c,BNINIDJA,0189454845,
431,Mahendra Siregar,NIK. 3603211710620001,,Wakil Menteri Luar Negeri,Gol. IV,CENAIDJA,5375141831,
432,Maheswara Iman Prakoso,19831023 200603 1 001,,Kepala Bagian Akuntansi dan Pelaporan Keuangan,Penata Tingkat I/ III.d,BNINIDJA,0259635800,
433,Makmur Keliat,19610815 198810 1 001,,Lektor Kepala FISIP UI,Gol. IV,BNINIDJA,0134999699,
434,Maradona Abraham Runtukahu,19790909 200603 1 001,,Diplomat,Pembina/ IV.a,BNINIDJA,0358532029,
435,Mardiono,198503212009021001,774094833643000,Analis Kebijakan Ahli Muda,Penata Tingkat I/ III.d,BMRIIDJA,1150006996534,
436,"Margaretha Yuliani, SKM, MM",19630718 198603 2 002,594048613013000,Widyaiswara Madya Kementerian Kesehatan,Pembina Utama Muda/ IV.c,BNINIDJA,0014588789,
437,Maria Renata Hutagalung,19710303 199903 2 001,,Direktur Kerja Sama Pembangunan Internasional,Pembina Tingkat I/ IV.b,BNINIDJA,0339168051,
438,Maria Yunita,19880602 200912 2 001,,Kepala Subbagian Verifikasi Anggaran Wilayah Amerika dan Timur Tengah,Penata/ III.c,BNINIDJA,0240180690,
439,Marisa Febriana Wardani,19830202 200801 2013,3276054202830007,Kabag DPK3DAPP-SDJPK,Pembina/ IV.a,BRINIDJA,139301003286504,
440,Mariska Theresia Risa Whardani,-,,-,Pembina/ IV.a,,,
441,Martini Mohamad Paham,19691127 199403 2 001,,-,Pembina Utama Muda/ IV.c,BMRIIDJA,1030004412934,
442,Martogi Harahap,19860909 200912 1 001,,Kepala Seksi Direktorat Protokol,Penata Tingkat I/ III.d,BNINIDJA,0193090254,
443,Masriati Lita Sucidia Pratama,19640124 199103 2 001,,Diplomat Madya,Pembina Utama Muda/ IV.c,BNINIDJA,0430366884,
444,Maulana Bari Prastowo,198610162023211014,,Arsiparis Ahli Pertama,Gol. III,BNINIDJA,0848875297,
445,Maulida Fitri Purliayu,19950305 201801 2 001,,Diplomat Pertama,Penata Muda/ III.a,BNINIDJA,0665543485,
446,Maya Damayanti,197805132006032001,,Kabag Organisasi dan Kepegawaian Setditjen ASEAN,Pembina/ IV.a,BNINIDJA,0189465846,
447,Mayang Anggraini Rahawestri,19830327 200501 2 001,,"Kabag Perencanaan Kinerja Kementerian dan Perwakilan, BPO",Pembina/ IV.a,BNINIDJA,0193094770,
448,Miftah Farid,19810825 200502 1 001,,-,Pembina Tingkat I/ IV.b,BMRIIDJA,1230004404127,
449,Mirayanti,19920622 202203 2 001,,Perencana Pertama,Penata Muda/ III.a,BRINIDJA,99801008317505,
450,Misno,19680212 199303 1 003,,Staf Bagian Verifikasi Biro Keuangan,Penata Muda Tingkat I/ III.b,BNINIDJA,0189128957,
451,"Mochamad Fatwadi, S.T., M.T., M.Sc.",19750615 200212 1 012,342572880451000,-,Pembina Tingkat I/ IV.b,CENAIDJA,8010006121,
452,"Mochamad Fatwadi, ST, MT, MSc",19750615 200212 1 012,342572880451000,-,Pembina Tingkat I/ IV.b,CENAIDJA,8010006121,
453,Moh. Gozali Arifiansyah,19780530 199801 1 000,,-,Penata Tingkat I/ III.d,BNINIDJA,0192995743,
454,Moh. Tohirin Hasan,19830629 200912 1 001,,-,Penata Tingkat I/ III.d,BNINIDJA,0191629121,
455,Mohamad Zakaria Al-Anshori,19740125 200003 1 001,,"Ketua Tim Kawasan Amerika Latin, Pusat Strategi Kebijakan Kawasan Amerop",Pembina Tingkat I/ IV.b,BNINIDJA,0193705758,
456,"Mohammad Irkham, S.Si, MA",19681019 199102 1 001,,-,Penata Tingkat I/ III.d,BRINIDJA,026101011487508,
457,Mohammad K. Koba,19700907 199603 1 001,,Kepala Pusat Pendidikan dan Pelatihan,Pembina Utama Madya/ IV.d,BNINIDJA,0255159287,
458,Monica Maranatha C,19860503 201012 2 001,,-,Penata/ III.c,BNINIDJA,0217163607,
459,Muhamad Aji Surya,19630922 199103 1 002,,DCM KBRI Cairo,Pembina Utama Muda/ IV.c,BMRIIDJA,1030007088251,
460,Muhammad Fadlan,199702122022051001,,Penelaah Teknis Kebijakan,Penata Muda Tingkat I/ III.b,BNINIDJA,1403983155,
461,Muhammad Fajar Jamaluddin Safar,198303282009011001,,Kepala Subdit Kendaraan Bermotor,Penata Tingkat I/ III.d,,,
462,Muhammad Firdaus,19770202 200501 1 004,,Widyaiswara Madya,Pembina Tingkat I/ IV.b,BMRIIDJA,1240009765356,
463,Muhammad Ilham Effendy,19790301 200801 1 008,,Kasubdit Kunjungan Luar Negeri,Pembina/ IV.a,BNINIDJA,0307298533,
464,Muhammad Iqbal,19931227 202012 1 012,,-,Penata Muda/ III.a,BNINIDJA,1169678307,
465,Muhammad Muhsinin Dolisada,197410192000031001,,Diplomat Ahli Madya,Pembina Tingkat I/ IV.b,BNINIDJA,0193610254,
466,Muhammad Nur Alamsyah,19741007 199803 1 001,,Kepala Bagian Kerumahtanggaan,Pembina/ IV.a,BNINIDJA,0710197498,
467,Muhammad Ramdhan,19790829 200603 1 002,,Kasubdit Pertemuan Internasional dan Kerja Sama Antar Lembaga,Pembina/ IV.a,BMRIIDJA,1030009962537,
468,Muhammad Rizal Nursahid,199611122022051001,,Penelaah Teknis Kebijakan,Penata Muda Tingkat I/ III.b,BNINIDJA,1404268180,
469,Muhammad Syafri,19790111 200603 1 001,,Kasubdit Dukungan Keprotokolan Menlu dan Wamenlu,Pembina/ IV.a,BMRIIDJA,1330000074658,
470,Muhammad Takdir,19680127 199603 1 001,,Kepala Pusat Strategi Kebijakan Luar Negeri Asia Pasifik dan Afrika,Pembina Utama Muda/ IV.c,BNINIDJA,0233402274,
471,Muhsin Syihab,19700605 199603 1 009,,Ahli Bidang Hubungan Antarlembaga,Pembina Utama Muda/ IV.c,BNINIDJA,0193095048,
472,Mulya Wirana,NIK. 3174961711580002,,Duta Besar,Gol. IV,BMRIIDJA,1010005141286,
473,"Mulyanto, S.Sos",19690522 199503 1 001,,-,Penata Tingkat I/ III.d,BMRIIDJA,1220005349066,
474,Munifudin Abdulah,199105052019021001,3302040505910002,Auditor Ahli Pertama,Penata Muda Tingkat I/ III.b,BNINIDJA,0799306891,
475,Murdi Primbani,19740116 200003 1 001,3276021601740004,JFD Ahli Madya,Pembina Tingkat I/ IV.b,BNINIDJA,0228844196,
476,Musthofa Taufik Abdul Latif,19580101 198703 1 001,,Duta Besar Purnakarya,Pembina Utama/ IV.e,BNINIDJA,0097668827,
477,Nabilla Fajri Utami,19960421 202012 2 018,,-,Penata Muda/ III.a,BNINIDJA,1170520776,
478,Nadia Marlene Eunike,19850105 200912 2 002,,"Plt. Kepala Bagian Informasi, Perencanaan dan Pengembangan",Penata/ III.c,BNINIDJA,0193090425,
479,Nadia Rasyida Nisa Mashuri,19950808 202012 2 016,,Analis Keuangan,Penata Muda/ III.a,BNINIDJA,1170640357,
480,Nadia Yanurita,19840110 200901 2 001,,Pranata Informasi Diplomatik Muda pada Pustik KP,Penata/ III.c,BNINIDJA,0029299199,
481,Nadjib Riphat Kesoema,19530323 198203 1 001,,Duta Besar Purnakarya,Gol. IV,BMRIIDJA,1020003009112,
482,Nahari Agustini,19580821 198403 2 001,,Duta Besar & Pejabat Fungsional Ahli Utama di Dit. Timteng,Pembina Utama/ IV.e,BNINIDJA,14235198,
483,Nardi,19780616 200112 1 001,,-,Penata/ III.c,BNINIDJA,0190614513,
484,Neti Rahmi,198407112007022001,,Diplomat Ahli Muda,Penata/ III.c,BNINIDJA,0189460983,
485,Netty Muharni,19651219 199603 2 001,,-,Pembina Utama Madya/ IV.d,BNINIDJA,1231391083,
486,Ni Putu Anggraeni,19880725 201012 2 001,,Kepala Subbagian Pengelolaan Perjanjian Kerja dan Kinerja Pegawai Setempat,Penata Tingkat I/ III.d,BNINIDJA,0217170002,
487,Nidya Kartikasari,-,,Direktur KSIA Amerika dan Eropa,Pembina Tingkat I/ IV.b,BNINIDJA,0014237322,
488,Niken Budi Astuti,19900924 201502 2 001,,Diplomat Pertama pada Direktorat Kerja Sama Politik Keamanan ASEAN,Penata Muda Tingkat I/ III.b,BNINIDJA,0373743474,
489,Nina Evayanti,198808072010122001,,Kepala Subbagian Hubungan dan Kerja Sama Media,Penata Tingkat I/ III.d,BNINIDJA,0217257804,
490,"Nina Kurnia Widhi, S.H.",19691029 199503 2 001,,Sekretaris Biro Strategi Kebijakan Luar Negeri,Pembina Utama Muda/ IV.c,BNINIDJA,0199615086,
491,Nina Vania Aristawati,199909062022052001,,Penelaah Teknis Kebijakan,Penata Muda/ III.a,BNINIDJA,1404268703,
492,Nisa Asniasita,19830409 200901 2 001,,PK Ahli Muda,Penata Tingkat I/ III.d,BNINIDJA,0170796662,
493,Nita Winatasari Putri,19850315 200801 2 002,,-,Penata Tingkat I/ III.d,BNINIDJA,0148829983,
494,Nius Pranantha,199505312022051001,,Diplomat Ahli Pertama,Penata Muda/ III.a,,,
495,Noam Lazuardy,198110921 200603 1 002,,"Fungsional Diplomat Madya, Direktorat PELH, Direktorat Jenderal KS Multilateral",Pembina/ IV.a,BMRIIDJA,1450000001111,
496,Nona Siska Novianti,19821129 200702 2 001,,-,Penata/ III.c,BNINIDJA,0227483489,
497,Normansyah Syahruddi,19760915 200312 1 001,,-,Pembina Tingkat I/ IV.b,BMRIIDJA,1270007260696,
498,Novi Fitmawati,198112092006032001,,Plt Kabag TLRB/ Fungsional Diplomat Muda,Penata Tingkat I/ III.d,BMRIIDJA,1030007056340,
499,Noviandri Wibowo,19851104 200912 1 001,,Diplomat Muda pada Direktorat Asia Selatan dan Tengah,Gol. III,BNINIDJA,0193090469,
500,Nunik Julianti,19790723 199803 2 001,,Staf Bagian Verifikasi Biro Keuangan,Penata Tingkat I/ III.d,BNINIDJA,0129309296,
501,Nur Basuki,19730926 199303 1 001,,-,Pembina/ IV.a,MUABIDJA,4400001559,
502,Nur Izzah Afifah,199306142022052001,,Analis SDM Aparatur Ahli Pertama,Penata Muda/ III.a,BNINIDJA,1404268805,
503,Nurani Jatiningtyas,19881024 201403 2 002,,-,Penata Muda Tingkat I/ III.b,BNINIDJA,0346446065,
504,Nurul Dewi Saraswati,19801222 200603 2 001,,"Kabag Dukungan Pimpinan, KK, Korespondensi Diplomatik dan Analisis Pelayanan Publik",Pembina/ IV.a,BRIIDJA,780201000768508,
505,Nyoman Y. Pravita Dewi,19881003 201012 2 001,,Diplomat Muda pada Direktorat Eropa II,Penata/ III.c,BNINIDJA,0217173183,
506,Oktrita Purwantari Rahayu,19861003 201502 2 001,,Perancang Kebijakan PBJ,Penata Muda Tingkat I/ III.b,BNINIDJA,0350920574,
507,Orchida Sekarratri,19840222 200912 2 002,,Staf pada Direktorat Pasifik dan Oseania,Penata Tingkat I/ III.d,BNINIDJA,0193090505,
508,Ourina Ritonga,19661013 199303 2001,,Sekretaris Direktorat Jenderal Amerika dan Eropa,Pembina Tingkat I/ IV.b,BMRIIDJA,1030007377324,
509,Palupi Satio Utami,19820824 200912 2 001,,Penata Kanselerai Muda pada Biro Keuangan,Penata/ III.c,BNINIDJA,192998187,
510,Pamoodya Handarweni Utami,199604222022052002,,Penelaah Teknis Kebijakan,Penata Muda/ III.a,BNINIDJA,1404365252,
511,Pangarso Dadung Nugroho,19730421 199212 1 001,,Kepala Bidang pada Pustik KP,Gol. IV,BNINIDJA,0189949677,
512,Pangeran Ibrani,19750609 200003 1 001,,"Diplomat Madya, Pusat Strategi Kebijakan Multilateral, BSKLN",Pembina Tingkat I/ IV.b,BNINIDJA,0189131889,
513,Penny Dewi Herasati,19680202 199403 2 001,,"Direktur Sosial, Budaya dan Organisasi Internasional Negara Berkembang",Pembina Tingkat I/ IV.b,BNINIDJA,189839303,
514,Pinardi Priambodo,170270 199503 1 003,,Koordinator Fungsi Multimedia,Pembina Tingkat I/ IV.b,BMRIIDJA,139301001474509,
515,Prairie Maharwati,19790727 200603 2 001,,"Korfung Perdamaian & Keamanan Internasional, Dir. KS Internasional & Perlucutan Senjata",Pembina/ IV.a,BNINIDJA,193095402,
516,Pramudya Airlangga,19860619 200912 1 001,,Pranata Informasi Diplomatik pada Pustik KP,Penata Muda Tingkat I/ III.b,BNINIDJA,0197428644,
517,Prayono Atiyanto,19580502 198403 1 001,,Diplomat Utama,Pembina Utama/ IV.e,BMRIIDJA,1030007358068,
518,Prista El Annisa Prasetyo,199904022022052001,,Penelaah Teknis Kebijakan,Penata Muda Tingkat I/ III.b,BRINIDJA,139301004003501,
519,"Prof. drh Wiku Bakti Bawono Adisasmito,M.Sc",19640220 199603 1 001,,Guru Besar/Jubir Komite Penanganan Covid-19,Gol. IV,BNINIDJA,0166520077,
520,Pungu Desem Simanjuntak,19861228 201101 1 011,,Pengendali,Penata Muda/ III.a,BRINIDJA,331901006625531,
521,Purnomo Ahmad Chandra,19670223 199103 1 001,,Direktur Hukum dan Perjanjian Politik dan Keamanan,Pembina Utama Muda/ IV.c,BNINIDJA,0551128014,
522,"Puryantoro, SH",19700106 199001 1 001,,Analis Kebakaran,Penata Muda Tingkat I/ III.b,CENAIDJA,7570131430,
523,Puspasari Y. Kartika,19790802 200603 2 001,,Penata Kanselerai Muda pada Biro Keuangan,Penata Tingkat I/ III.d,BNINIDJA,0275415081,
524,Puspita Larasati,19890916 201403 2 007,1871105609890003,Kasubbag Mutasi Luar Negeri Wilayah Amerop,Penata/ III.c,BNINIDJA,0346444727,
525,Putri Cita Puspita Dewi,19871125 201012 2 001,,-,Penata/ III.c,BNINIDJA,217173999,
526,Putri Marisha Faruk,198403252007022001,,Fungsional Diplomat Muda,Penata Tingkat I/ III.d,BNINIDJA,1796083450,
527,R. Wisnu Lombar Dwinanto,19751222 199801 1 001,,"Diplomat Madya, Direktorat PELH, Direktorat Jenderal KS Multilateral",Pembina/ IV.a,BMRIIDJA,1030007706324,
528,Rachmat Hidayat Ramdani,19940212 201902 1 000,,Pranata Informasi Diplomatik Pertama,Penata Muda/ III.a,BNINIDJA,0799797414,
529,Rachmat Oktavian,19691011 199103 1 001,,-,Penata Tingkat I/ III.d,BNINIDJA,0193315044,
530,Radea Fauzi Hidayat,199706042023211005,,PPPK Perencana Ahli Pertama,Penata Muda/ III.a,BRINIDJA,330401010727500,
531,Raden Aris Hermawan,19830923 200801 1 004,,-,Penata/ III.c,BNINIDJA,0024745662,
532,Raffaelia Sanzio Rodiman,19870730 201012 2 001,,-,Penata/ III.c,BNINIDJA,0233025792,
533,Rahma Juwita,199003112014032003,,"Kepala Subbidang Penilaian Angka Kredit, Pengolah Data dan Informasi",Penata/ III.c,BNINIDJA,0346446076,
534,Rahwantya Ari Susanto,197109041991101001,,PID Ahli Madya,Pembina Tingkat I/ IV.b,,,
535,Raja Sawery G. D. Notonegoro,19940920 201902 1 001,,Diplomat,Penata Muda Tingkat I/ III.b,BNINIDJA,0800495764,
536,Rasita Jatirahayu,199505202022052001,,Penelaah Teknis Kebijakan,Penata Muda Tingkat I/ III.b,BNINIDJA,1404269456,
537,Ratna Lestari Harjana,19730511 199903 2 001,3671135105730001,"Kepala Fungsi Multimedia, Dit. Infomed",Pembina Tingkat I/ IV.b,BNINIDJA,0154827423,
538,Ratu Yulya Chaerani,19890711 201403 2 003,3672025107890003,Diplomat Ahli Muda,Penata/ III.c,BNINIDJA,0346444852,
539,Renata Siagian,19690615 199403 2 002,,Direktur Sesdilu,Pembina Utama Muda/ IV.c,BRINIDJA,139301002087509,
540,Reny Ardiyanti,19801225 200603 2 001,,Staf Verifikasi Anggaran Wilayah Amerika dan Timur Tengah,Penata Muda Tingkat I/ III.b,BNINIDJA,0193095683,
541,Reny Wijayanti,19850316 200801 2 002,,-,Penata/ III.c,BNINIDJA,0193095694,
542,Resti Yuanita,19861001 200801 2 001,,Kepala Subbagian Evaluasi Kinerja Wilayah III,Penata/ III.c,BNINIDJA,0189460836,
543,Retno L. P. Marsudi,-,,Menteri Luar Negeri,Gol. IV,,,
544,Reza Fahlevi,19940712 201902 1 001,,Perencana Pertama,Penata Muda/ III.a,BNINIDJA,0800495673,
545,"Reza Raditya, S.Kom., MA",19821018 200904 1 002,,Analis Kebakaran,Penata Muda Tingkat I/ III.b,BDKIIDJA,10120135712,
546,Rezal Akbar Nasrun,19701128 199503 1 001,,Kepala Bagian Tata Laksana dan Reformasi Birokrasi Kementerian dan Perwakilan,Pembina Tingkat I/ IV.b,BNINIDJA,0207971412,
547,Rezlan Ishar Jenie,NIK. 3174070601520001,51893154025000,Duta Besar Purnakarya,Gol. IV,BRINIDJA,212401000251504,
548,Riani Widyaninggar,19860807 200912 2 001,,Penata Kanselerai Pertama pada KBRI Baku,Penata Muda/ III.a,BNINIDJA,0192997864,
549,Ridho Alief Noviawan,199111062014031001,,Kasubbag Pengembangan Organisasi dan Manajemen Risiko,Penata/ III.c,BNINIDJA,0346444749,
550,Riena Dwi Astuty,197906062003122001,3173024606790011,Kepala Bagian Organisasi dan Kepegawaian,Pembina Tingkat I/ IV.b,BNINIDJA,0014236838,
551,Rieske Ratna Dewi,19840302 200603 2 001,,Staf Biro Keuangan,Penata/ III.c,BNINIDJA,0110302291,
552,Rifai,19760712 200012 1 001,,Staf Bidang PPID,Pengatur Tingkat I/ II.d,BRINIDJA,032901079118507,
553,Rifqi Arya Sandhi,199605242022051001,,Analis Sumber Daya Manusia Aparatur Ahli Pertama,Penata Muda/ III.a,BNINIDJA,1404730522,
554,Rina Fitriyah Wahyuningsih,19790825 200312 2 001,,"Koordinator Wilayah Asia Timur II, Direktorat Asia Timur",Pembina/ IV.a,BNINIDJA,0316220598,
555,Rina Nurmasari,19870906 200912 2 001,,Penata Kanselerai Pertama,Penata Muda Tingkat I/ III.b,BNINIDJA,0192998223,
556,Rio Budi Rahmanto,19750201 200003 1 001,,Kepala Pusat P2K Multilateral,Pembina Tingkat I/ IV.b,BNINIDJA,14345780,
557,Rio Christanto,19861219 200912 1 001,,Penata Kanselerai Muda pada Biro Keuangan,Penata/ III.c,BNINIDJA,0192998245,
558,Risa Kharisma,19880928 200912 2 001,,Penata Kanselerai,Penata Muda Tingkat I/ III.b,BNINIDJA,0192997875,
559,Rizal Affandi Lukman,-,,-,Gol. IV,BMRIIDJA,1010002174942,
560,Rizki Amalia,19830510 200901 2 001,,Penata Kanselerai Pertama,Penata Muda Tingkat I/ III.b,BNINIDJA,0196247240,
561,Rizki Zakiyah,19841211 200912 2 001,,-,Penata/ III.c,BNINIDJA,0193090753,
562,Rolliansyah Soemirat,19750516 200003 1 001,,Direktur Politik Keamanan ASEAN,Pembina Tingkat I/ IV.b,BNINIDJA,0194021711,
563,Rosmalawati Chalid,19620527 198803 2 001,,Diplomat Utama pada Direktorat Kerja Sama Ekonomi ASEAN,Gol. IV,BNINIDJA,0239100822,
564,Roy Rochananto,19820503 200801 1 007,,Penata Kanselerai Muda,Penata/ III.c,BNINIDJA,0189455985,
565,Rudyatmanto,19860721 201012 1 001,,PPK BSDM,Penata/ III.c,BTPNIDJA,90390000696,
566,Ruth Panny Septiani,199709102022052001,,Penelaah Teknis Kebijakan,Penata Muda/ III.a,BNINIDJA,1404730634,
567,"Saepuloh, S.Pd., MMT",19710804 199103 1 006,,Kepala Seksi Pemberdayaan Masyarakat,Pembina Tingkat I/ IV.b,BDKIIDJA,50020065657,
568,Safrigita Novianto,19811129 200603 1 001,,Kepala Subdirektorat Kunjungan Luar Negeri,Pembina/ IV.a,BRINIDJA,139301003785508,
569,Sahadatun Donatirin,19740603 199803 2 001,,Sekretaris Direktorat Jenderal Hukum dan Perjanjian Internasional,Pembina Utama Muda/ IV.c,BRINIDJA,139301002111502,
570,Sandy Darmosumarto,19760806 200501 1 001,,"Koordinator Fungsi Perdagangan Jasa dan Fasilitasi Perdagangan, Direktorat PPKKI",Pembina/ IV.a,BMRIIDJA,1030007681469,
571,Santo Darmosumarto,19750130 200003 1 001,,-,Pembina Utama Madya/ IV.d,BNINIDJA,0194957829,
572,Sarjono,19730514 199303 1 001,,-,Penata Tingkat I/ III.d,BNINIDJA,0193096029,
573,Selamet Budiharto,19680223 198903 1 001,,-,Pembina Tingkat I/ IV.b,BMRIIDJA,1210001019524,
574,Setyo Widodo,19701117 199103 1 001,59619916025000,-,Penata Tingkat I/ III.d,BNINIDJA,0234315197,
575,Setyoko Andra Veda,19911202 201411 1 001,,PTPN Mahir Kanwil Ditjen Perbendaharaan Prov. DKI Jakarta,Penata Muda/ III.a,BMRIIDJA,1390012121921,
576,Sezargerry Sumardi,198301282008011005,,Kepala Subdit Perizinan Tinggal Diplomatik dan Dinas,Pembina/ IV.a,,,
577,Shabda Thian,19790502 200501 1 001,,"Diplomat Madya, Direktorat Hukum dan Perjanjian Sosial Budaya",Pembina/ IV.a,BRINIDJA,139301003894501,
578,Shabrina Adani,19961202 202205 2 001,,-,Penata Muda/ III.a,BNINIDJA,1404730907,
579,Sherliafebri Innocentia Kusuma,199802172022052001,,Penelaah Teknis Kebijakan,Penata Muda/ III.a,BNINIDJA,1405067469,
580,Sigit Suryantoro Widiyanto,19700713 199503 1 001,,Kepala Biro Umum,Pembina Utama Muda/ IV.c,BNINIDJA,0212687504,
581,Siti Nugraha Mauludiah,19670620 199103 2 001,,"Ahli Bidang Sosial, Budaya dan Pemberdayaan Masyarakat Indonesia di Luar Negeri",Pembina Utama/ IV.e,BNINIDJA,186438893,
582,Siti Sofia Sudarma,19630722 199103 2001,,-,Gol. IV,BNINIDJA,0190832473,
583,Soemadi Brotodiningrat,NIK. 3174101306410001,,Duta Besar Purnakarya,Gol. IV,BNINIDJA,0079177091,
584,Spica A. Tutuhatunewa,19710904 199710 2 001,59741272025000,Diplomat Madya pada Direktorat Asia Timur,Pembina Utama Muda/ IV.c,BNINIDJA,0229851179,
585,Sri Murwani Nurfadilastuti,19690928 199603 2 001,,"Kabag Program, Evaluasi, Hukum dan KS Teknik Setditjen PSLB3",Pembina Tingkat I/ IV.b,BMRIIDJA,9000029550887,
586,"Sri Suprapti, S.Kep., Ns., MMRS",19670615 198703 2 001,,-,Pembina/ IV.a,BNINIDJA,0201904429,
587,Sri Utami,19750101 199602 2 001,,PTPN Penyelia Kanwil Ditjen Perbendaharaan Prov. DKI Jakarta,Penata Tingkat I/ III.d,BRINIDJA,32901031409504,
588,Sri Wijayanti,197506041998032001,,Kasubbag Kepegawaian,Penata Tingkat I/ III.d,BNINIDJA,0193096245,
589,Sri Wiludjeng,19641108 199103 2 001,,Diplomat Madya,Pembina Utama Madya/ IV.d,BRINIDJA,139301002977500,
590,Sriadi Prihandoyo,19880825 201403 1 001,,Penata Kanselerai Muda pada Biro Umum,Penata/ III.c,,,
591,Starlet Yuniarti Koernardi,19830626 200603 2 001,,"Kepala Bagian Administrasi Biro, BHAKP",Pembina/ IV.a,BNINIDJA,0274946534,
592,Stephanie,199009112022052001,,PID Ahli Pertama,Penata Muda/ III.a,BRINIDJA,122001019327509,
593,Suargana Pringganu,19711107 199803 1 001,,Inspektur Wilayah III,Pembina Utama Muda/ IV.c,BNINIDJA,0296870226,
594,Suhendang,19710324 199303 1 001,,-,Penata Tingkat I/ III.d,BNINIDJA,0190614998,
595,Sularjo,19691027 199103 1 001,,-,Penata Tingkat I/ III.d,BNINIDJA,0189129484,
596,Sumini,19690404 199103 2 001,,-,Penata Tingkat I/ III.d,BNINIDJA,0190832371,
597,Supriyanto Suwito,19820605 200702 1 001,3174090506820005,"Kabag Umum, Publikasi dan Dokumentasi",Pembina/ IV.a,BMRIIDJA,1030010295315,
598,Suri Tauchid Ishak,19660909 198603 1 001,,Kepala Bidang Pembinaan Jabatan Fungsional Penata Kanselerai dan Non-diplomatik I,Pembina Utama Muda/ IV.c,BNINIDJA,0193314551,
599,Sutarjo,19721010 199303 1 001,,-,Penata Tingkat I/ III.d,BNINIDJA,0182517316,
600,Sutrisno,-,769311127066000,-,Gol. -,BNINIDJA,0833045581,
601,Syahda Guruh Langkah Samudera,19761124 200003 1 001,,Direktur Hukum dan Perjanjian Ekonomi,Pembina Tingkat I/ IV.b,BNINIDJA,0193706693,
602,Tafwid Mulia,198311102008011003,,Diplomat Ahli Muda,Pembina/ IV.a,BRINIDJA,139301004336506,
603,Tatang Rustandar Wiraatmadja,19610710 198802 1 001,,Widyaiswara Ahli Utama,Pembina Utama Madya/ IV.d,CENAIDJA,0160033291,
604,Taufiq Hidayat,19830831 200801 1 001,,-,Penata/ III.c,BNINIDJA,0189949906,
605,Taufiq Ismail Marzuki,19830915 201012 1 001,,Pranata Informasi Diplomatik Muda pada Pustik KP,Penata/ III.c,BNINIDJA,0216245426,
606,Teguh Wardoyo,19610218 198603 1 001,,Plh. Direktur Keamanan Diplomatik,Pembina Utama/ IV.e,BMRIIDJA,0060094084187,
607,Teguh Wiweko,19650613 199303 1 001,,Diplomat Madya,Pembina Utama Muda/ IV.c,BNINIDJA,0189466033,
608,Teuku Faizasyah,19641023 199003 1 001,,Dirjen Informasi dan Diplomasi Publik,Pembina Utama/ IV.e,BNINIDJA,0189949848,
609,Tika Wihanasari,19690917 199710 2 001,,Sekretaris Direktorat Jenderal Informasi dan Diplomasi Publik,Pembina Tingkat I/ IV.b,BMRIIDJA,1030007543156,
610,Tita Yowana Alwis,19800508 200501 2 001,,-,Pembina/ IV.a,BNINIDJA,0314818045,
611,Titi Damayanti,19670225 199003 2 001,,Staf Biro Umum,Penata Tingkat I/ III.d,BNINIDJA,0193096879,
612,Tony Wibawa,19770309 200312 1 001,,-,Pembina/ IV.a,BNINIDJA,0228426305,
613,Toto Jatmiko,19711026 199403 1 001,,Penata Kanselerai Madya,Pembina/ IV.a,BNINIDJA,0014342892,
614,Tri Herminanto,197105271991031002,3276052705710004,Kasubbag Umum dan Kepegawaian,Penata Tingkat I/ III.d,BNINIDJA,0189460767,
615,Tri Tharyat,19660409 199103 1 002,,"Sahli Bidang Politik, Hukum dan Keamanan",Pembina Utama Madya/ IV.d,BNINIDJA,0194021799,
616,Tri Wahyuni,19740401 199803 2 001,,-,Pembina Tingkat I/ IV.b,BNINIDJA,00014215296,
617,Tubagus Edwin Suchranudin,19721006 199803 1 001,,Direktur UPT Sesdilu,Pembina Utama Muda/ IV.c,BNINIDJA,0348290400,
618,Tubagus Kemal Perbangsa,198208092007021001,,"Kabag Informasi, Perencanaan, dan Pengembangan",Pembina/ IV.a,BNINIDJA,389923107,
619,Ukhti Afini,199801182022052002,,Penelaah Teknis Kebijakan,Penata Muda/ III.a,BNINIDJA,1404731151,
620,Ukin Ekawati,-,,-,Gol. -,BNINIDJA,0831618228,
621,Usep Muhamad Saepul Bahri,19900305 201310 1 001,,Pelaksana KPPN Jakarta I,Penata Muda/ III.a,BRINIDJA,050701014694502,
622,Uswatun Khasanah,19811106 200801 2 005,,Penata Kanselerai Muda,Penata/ III.c,BNINIDJA,0148825560,
623,Vahd Nabyl A. Mulachela,19800505 200501 1 001,,"Koordinator Wilayah Asia Timur III, Direktorat Asia Timur",Pembina Tingkat I/ IV.b,BMRIIDJA,1030006424994,
624,Veronika Vonny H.,19820305 200603 2 001,,"Fungsional Diplomat Madya, Direktorat Kerja Sama Ekonomi ASEAN",Pembina/ IV.a,BNINIDJA,0107322439,
625,Vevie Damayanti,19690104 199203 2 001,,Kepala BSKLN,Pembina Utama Muda/ IV.c,BRINIDJA,139301003733501,
626,Vina Novianti,19861119 201012 2 001,,Diplomat Muda pada Direktorat Amerika II,Penata Tingkat I/ III.d,BNINIDJA,0217280958,
627,Vira Andalusita Mulyaningrum,199408232022052003,,Penelaah Teknis Kebijakan,Penata Muda Tingkat I/ III.b,BNINIDJA,1404731219,
628,Vitrionaldi,19790829 200603 1 001,,"Koordinator Fungsional I, Direktorat Afrika Ditjen Aspasaf",Pembina/ IV.a,BNINIDJA,0193097056,
629,Vivi Nur Utami,19961010 202012 2 030,,Perencana Pertama,Penata Muda/ III.a,BNINIDJA,1174021774,
630,Wandi Andriano Syamsu,196901111999031003,,Diplomat Ahli Madya,Pembina/ IV.a,BNINIDJA,0354377485,
631,Wendi Budi Raharjo,19830530 200801 1 006,,Kabag Perencanaan Setditjen KSM,Pembina/ IV.a,BNINIDJA,4580031696,
632,Wenny Pratiwi,19870601 201212 2 002,,Penata Kanselerai Pertama pada Biro Keuangan,Penata/ III.c,BNINIDJA,0302255662,
633,"Wensten Theodorus, ST",19821011 201001 1 023,,Analis Kebakaran,Penata Tingkat I/ III.d,CENAIDJA,2291623214,
634,Widya Rahma Utami,19890415 201212 2 002,,-,Penata Tingkat I/ III.d,BNINIDJA,302255129,
635,Wildan Massani,19780326 200012 1 001,,-,Pembina/ IV.a,BSMDIDJA,7118352739,
636,Wina Retnosari,19781026 200603 2 001,,"Kasubdit Kelembagaan dan Diplomasi Perlindungan, PWNI",Pembina/ IV.a,BMRIIDJA,1030006262790,
637,Winanto Adi,19680102 199303 1 001,,Kepala Biro Sumber Daya Manusia,Pembina Utama Muda/ IV.c,BNINIDJA,0235456829,
638,Winardi Hanafi Lucky,19700621 200003 1 001,,Direktur Eropa II,Pembina Tingkat I/ IV.b,BMRIIDJA,1300098126132,
639,Windratmo,197009201996031001,,Kabag Umum,Pembina Tingkat I/ IV.b,BMRIIDJA,1220005054393,
640,"Woro Srihastuti Sulistyaningrum, ST, MIDS",19681009 199703 2 001,,Direktur KPAPO Bappenas,Pembina Utama Madya/ IV.d,BNINIDJA,0014400991,
641,"Yetvi Rosalita, S.T., M.Si.",19731014 200003 2 003,,"Widyaiswara Ahli Muda, BRIN",Penata Tingkat I/ III.d,BRINIDJA,001201090410505,
642,Yoanita Achdiat,19761017 199603 2 001,,-,Penata Tingkat I/ III.d,BNINIDJA,0189948834,
643,Yoga Iswara Darma,19961130 201912 1 001,3504013011960002,Staf LKPP,Penata Muda/ III.a,BRINIDJA,735901004864537,
644,Yohanes Kristiarto Soeryo Legowo,19621227 198603 1 001,,Pejabat Fungsional Direktorat Pasifik dan Oceania,Pembina Utama/ IV.e,CENAIDJA,6280353599,
645,Yohpy Ichsan Wardana,19700113 199603 1 001,,Sesditjen Kerja Sana Multilateral,Pembina Utama Madya/ IV.d,BMRIIDJA,1030006220475,
646,Yomi Ayu Lestari,19740306 199803 2 001,,-,Pembina Tingkat I/ IV.b,BMRIIDJA,1030006786889,
647,Yudha Virwanto Bagus Triady,19890824 201212 1 001,,-,Penata/ III.c,BNINIDJA,0302255083,
648,Yudhistira Normandia,19850709 200801 1 002,,Pranata Informasi Diplomatik Muda pada Pustik KP,Penata Tingkat I/ III.d,BRINIDJA,026101121266509,
649,Yudho Sasongko,196909091999031001,,Direktur UPT Sesparlu,Pembina Utama Muda/ IV.c,BNINIDJA,0370465475,
650,Yulastiawarman,19750715 200003 1 001,3201021507750024,Kepala Biro Perencanaan dan Organisasi,Pembina Tingkat I/ IV.b,BNINIDJA,0014345598,
651,Yuliana Bahar,19740817 200003 2 011,,Direktur Kerja Sama Sosial Budaya ASEAN,Pembina Tingkat I/ IV.b,BNINIDJA,0194021868,
652,Yuliana Nur Maria Sianipar,19800814 200603 2 001,,-,Penata/ III.c,BNINIDJA,0193097294,
653,Yulisdiyah Kartika Nuswapadi,19740817 200003 2 011,,Kepala Bagian Evaluasi Kinerja Kementerian dan Perwakilan,Penata Tingkat I/ III.d,BNINIDJA,0193097307,
654,Yunanto Segara Putra,19830324 200901 1 002,,Pranata Informasi Diplomatik Muda pada Bidang Tata Kelola TIK,Penata/ III.c,BNINIDJA,0194957670,
655,Yunian Yatno Priyoga,19820630 200112 1 001,,Staf Pelaksana Direktorat Akuntansi dan Pelaporan Keuangan,Penata Muda Tingkat I/ III.b,BMRIIDJA,1030006554063,
656,Yunita Purwaningyas,19890611 201212 2 006,,-,Penata/ III.c,BNINIDJA,0322496310,
657,Yureta Wahyu Caesar,199701252022051001,,Penelaah Teknis Kebijakan,Penata Muda/ III.a,BNINIDJA,1405067628,
658,Yusuf Ausiandra,19881024 201902 1 001,,Diplomat,Penata Muda Tingkat I/ III.b,BNINIDJA,0799569409,
659,Zamakhsyari,-,778417402404000,Staf PPNPN LKPP,Gol. -,BRINIDJA,039001005756506,
660,Sazzali,198512262018011001,3175072612860010,Pranata Komputer LKPP,Penata Muda Tingkat I/ III.b,BSMDIDJA,7118465417,
661,Erika Novitasari,199408192024212011,3504115908940002,Widyaiswara Ahli Pertama,X (PPPK),BNINIDJA,0842508528,
662,Dwi Kartika Susanti,198604192024212007,3174045904860014,Widyaiswara Ahli Muda,XI (PPPK),BRINIDJA,034101069534505,
663,"Prof. Dr. Arfin Sudirman, S.IP., MIR.",198106192009121003,3273021906810001,Guru Besar/ Ketua Program Studi Hubungan Internasional Universitas Padjadjaran,Pembina Tingkat I/ IV.b,BNINIDJA,0119640914,
664,A.Andang Listya Binawan,-,31710470560004,Akademisi STF Driyarkara,-,CENAIDJA,3421569400,
665,Adriana Elisabeth,-,,-,-,CENAIDJA,7401283378,
666,Aiman Adi Witjaksono,-,,Wartawan Kompas TV,-,CENAIDJA,2371453433,
667,Andi Widjajanto,-,3175100309710006,Gubernur Lemhanas,-,BRINIDJA,059601000388560,
668,Andrew Wiguna Mantong,-,3271041003850016,-,-,BMRIIDJA,1330013309737,
669,"Anggun Meylani Pohan, M.Psi.",-,,Psikolog In-house Kementerian Luar Negeri,-,BNINIDJA,0335979084,
670,"Ari Margiono, Ph.D.",-,3175030403770003,"Lecturer Specialist, BINUS Business School",-,BBLUIDJA,001476924876,
671,Aris Darujo,-,3273182811710001,Country Representative SIPPO,-,CENAIDJA,0860457628,
672,Balqie Al Hafizh,-,32170823058660008,Sinematografer National Geografic,-,CENAIDJA,2820383713,
673,Bejo Untung,-,,Direktur Eksekutif - Pattiro,-,BMRIIDJA,1330005210018,
674,Benny S. Butarbutar,-,3175101007680004,Staf Ahli Perum Bulog,-,BNINIDJA,0175261532,
675,Christina Ruth Elisabeth,-,,Dosen Universitas Indonesia,-,BMRIIDJA,1010007527649,
676,Dinna Prapto Raharja,-,,Associate Professor Binus,-,BNINIDJA,0248906466,
677,Donna Febrian,-,317403590670002,DWP Kemlu,-,BSMDIDJA,7086519652,
678,Dr. Lina Alexandra,-,3175035805780003,-,-,BMRIIDJA,1210004263228,
679,"Dr. Sandiaga Salahuddin Uno, B.B.A., M.B.A.",-,,Menteri Pariwisata dan Ekonomi Kreatif,-,BNINIDJA,1153438974,
680,Dr. Shafiah Fifi Muhibat,-,3174074301770006,-,-,BMRIIDJA,1210000301774,
681,Dr. Sonny Harry B Harmadi,-,3174092005750007,Dosen Tetap Departemen Studi Pembangunan Institut Teknologi Sepuluh Nopember,-,BNINIDJA,0902448120,
682,Dra. Zannuba Arifah Ch. R,-,3174096910740001,Direktur Wahid Foundation,-,CENAIDJA,6550000014,
683,Dupito Darma Simamor,-,,Executive Director CPOPC,-,BMRIIDJA,1030005917386,
684,Dwi Rahmad Toto,-,,Regional Head 4 PT Pelabuhan Indonesia (Persero),-,BMRIIDJA,1520004028003,
685,Emir Chairullah,-,3171071004740007,-,-,BMRIIDJA,1220004775121,
686,"Esther Roseline, CFE.",-,3173084905950002,Konsultan Data Science,-,CENAIDJA,3725555177,
687,Faizal Assegaf,-,,Wartawan/Pendiri Albalad. Co,-,CENAIDJA,0281670858,
688,Feri Kusuma,-,,Ketua Forum 4 De Facto,-,BMRIIDJA,1230010017475,
689,Fitri Nurlaila Salam,-,3573056411000002,Penyedia Jasa Lainnya,-,BRINIDJA,312601010938507,
690,Fitria,-,,Senior Advisor - Pattiro,-,BNINIDJA,1326285456,
691,Frets Ferdinand Manentonau,-,3276051602790012,-,-,BMRIIDJA,1020005075657,
692,Frisca Clarissa Almira,-,3273134205910001,Jurnalis Kompas TV,-,CENAIDJA,7750820233,
693,Hermawan Kartajaya,-,3578051811470000,CEO dan Founder Makplus Inc.,-,CENAIDJA,2170160579,
694,Ikhwanul Habibi,-,,Kepala Peliputan,-,CENAIDJA,5540534561,
695,Iqbal Amatul Hafizh,-,32170823058660008,Sinematografer National Geografic.,-,CENAIDJA,2820383713,
696,Ir. Sarwono Kusumaatmadja,-,,Dewan Komisaris PT Energy Management lndonesia (Persero),-,BMRIIDJA,0700006434109,
697,Irfana Steviano,-,,-,-,BMRIIDJA,1250005838073,
698,Irma Wisnandar,-,3174016707560002,SRASI,-,CENAIDJA,4361420688,
699,Jakoep Ezra,-,,CEO of Power Character,-,CENAIDJA,8400068080,
700,Jhony Banua Rouw,-,9171030209700002,Ketua DPR Papua,-,,1000201036962,
701,"Julian Aldrin Pasha, M.A., Ph.D.",-,3174092207690001,Ketua Departemen Ilmu Politik FISIP UI,-,BNINIDJA,0096926891,
702,Lala Siti Sahara,-,,-,-,BNINIDJA,338232428,
703,Lista Damayanti Djani,-,3174065708640014,-,-,CENAIDJA,0711964630,
704,Lusi Wahyudin,-,3175054902690001,-,-,BNINIDJA,0185343457,
705,M. Rizki,-,,Redaktur Kolaborasi,-,CENAIDJA,8470083345,
706,Matthew James Donohue,-,3174081611740000,Director of English Today,-,BMRIIDJA,1640003097393,
707,"Melati Friska W, C.NNLP. M.Psi",-,,Psikolog In-house Kementerian Luar Negeri,-,CENAIDJA,2302380474,
708,Mubarak Ahmad,-,,GAPKI,-,CENAIDJA,2170160579,
709,Muhammad Jusuf Kalla,-,,Wakil Presiden RI periode 2014-2019,-,,,
710,Muhammad Lutfi,-,3174071608690006,Menteri Perdagangan,-,BNINIDJA,1153152383,
711,Mujahid Shafiq M. A.Pontoh,-,3273011807770003,Chief Strategy Officer Provetic Indonesia,-,BNINIDJA,0390529538,
712,Mujahid Shafiq M.Apontoh,-,3273011807770003,Chief Strategy Officer Provetic Indonesia,-,BNINIDJA,0390529538,
713,Noer Hassan Wirajuda,-,3174090907480003,Pendiri dan Pembina Institute for Peace and Democracy,-,CENAIDJA,6040480704,
714,Aniek Takdir,-,,-,-,BMRIIDJA,1670002751534,
715,Bertha Jinangkung,-,,-,-,CENAIDJA,6050398372,
716,Dida Sadnovic,-,3174046005760015,-,-,CENAIDJA,0662908574,
717,Evi Soekarno,-,,-,-,CENAIDJA,0701485920,
718,Linda Rahmanto,-,3174024704690001,Wakil Ketua Bidang Pendidikan DWP Kemlu,-,BNINIDJA,0011701640,
719,Mahaswi Swajaya,-,,-,-,CENAIDJA,6030188550,
720,Maya Mirza,-,,-,-,CENAIDJA,8010028044,
721,Rahmayanti Jailani,-,,-,-,BNINIDJA,0004674782,
722,Resti Wahyutomo,-,,-,-,BNINIDJA,0301970603,
723,Rina Tharyat,-,,-,-,CENAIDJA,4060296460,
724,Tilly Arianto,-,3175046202770005,Sekretaris DWP Kemlu,-,BNINIDJA,1788182281,
725,Widia Herawan,-,,-,-,CENAIDJA,5540237648,
726,Puji Lestari,-,3308145811930002,Penyedia Jasa Lainnya,-,BRINIDJA,201301006753509,
727,Raden Gerald S Grisanto,-,3275102306830003,Kepala Divisi Jasa Konsultasi Bank Exim,-,CENAIDJA,5000327761,
728,Raditiyo Wicaksono,-,3175072807780005,-,-,BMRIIDJA,1020005076606,
729,Rafendi Djamin,-,,-,-,,701715471800,
730,Rahadian D. Yogisworo,-,,VP Aeronautical Business and Airline Development,-,BNINIDJA,8115382481,
731,Rahman Roestan,-,,Direktur Oprasi PT Bio Farma,-,BMRIIDJA,1300077997776,
732,Rieska Fajarmawati,-,3175046003810006,Staf Pusat Pelatihan SDM PBJ,-,BRINIDJA,112401002440500,
733,Semuel Samson,-,,Mantan Duta Besar,-,CENAIDJA,5415287001,
734,Shofwan Al Banna Choiruzzad,-,3276061407850005,Associate Professor Universitas Indonesia,-,BNINIDJA,0193480267,
735,Sofie Syarief,-,,Executive Producer & News Anchor KompasTV,-,CENAIDJA,3091324910,
736,Tantowi Yahya,-,3674032910600005,Dubes LBBP RI Wellington (2017-2021),-,CENAIDJA,0703007667,
737,Welly Soegiono,-,,Corporate Affairs Director PT Great Giant Pineapple,-,CENAIDJA,8720019168,
738,Wihana Kirana Jaya,-,,Staf Khusus Menhub Bidang Ekonomi dan Investasi Transportasi,-,BMRIIDJA,1370000056982,
739,Wisnhu Priamdasidi,-,,"Manager Diaspora Business, Divisi Int. BNI",-,BNINIDJA,0080197423,
740,Yahya Cholil Staquf,-,,Ketua Umum PBNU,-,BMRIIDJA,1020023331926,
741,Yogie Arief Nugraha,-,33273010502750000,Wakil Pimpinan Redaksi Kompas,-,CENAIDJA,7420205150,
742,Yongky Surya Susilo,-,3172021905630007,Koordinator International Trading House Kadin,-,CENAIDJA,5820160004,
743,Rifan Alif Prastowo,-,3674010112920002,Staf LKPP,-,BRINIDJA,050901047012507,
744,Anjas Muhammad Ghopur,-,3208060707960004,Instruktur Olah Raga,-,BRINIDJA,207501001790536,
745,Umi Nurnaeni,-,3308204202780001,Asesor ADM Aparatur Madya,-,BRINIDJA,037801004678507,
746,Antonius Iwan Setiawan,-,3173052710810001,COO - Mcorp,-,CENAIDJA,0123031609,
747,Febby Andryananto,197808062006031001,3175070608780013,Sekretaris Dit Protkons,Pembina Tingkat I/ IV.b,BRINIDJA,032901002843561,
748,Niniek K. Naryatie,-,3171055112570004,-,Duta Besar (Pensiun),BNINIDJA,194021948,
749,A Fatoni,197206061992031012,3175030606720020,Dirjen Bina Keuangan Daerah,Pembina Utama/ IV.e,BNINIDJA,0324050624,
750,Reza Abdulrojak,197607172003121001,3275121707760014,Kepala Sub Direktorat Fasdip,Pembina Tingkat I/ IV.b,BNINIDJA,226998692,
751,Doddy Sembodo Kusumonegoro,196610291994031001,3674052910660003,Diplomat Ahli Madya,Pembina Utama Muda/ IV.c,BNINIDJA,195091915,
752,Karina Wulandari,198505262009012001,3173086605330006,Diplomat Ahli Madya,Pembina Utama Madya/ IV.d,BNINIDJA,0169775487,
753,Dania Soraya,198507202009012001,3171086007850003,Diplomat Ahli Muda,Penata Tingkat I/ III.d,BNINIDJA,0171626215,
754,Senny Syahfinar,-,3174105009680003,DWP Kemlu,-,CENAIDJA,6800155957,
755,Sekti Kirana Jati Ota,-,3376104110720001,Sekretaris DWP Kemlu,-,BMRIIDJA,1670000330620,
756,Nur Indah Sari Nasir,-,3276025107760019,Wakil Penasihat DWP Kemlu,-,CENAIDJA,0711765106,
757,Kristien Abdi,-,3174034211780004,Ketua Dharma Wanita Persatuan Kemlu,-,BMRIIDJA,1030005888413,
758,Fabiola Noralita,-,3173014402680002,Direktur Bisnis Individu,PT Asuransi Jiwa IFG,BTANIDJA,1401580021602,
759,Irma Pubawati Wisnandar,-,3174016707560002,-,SRASI,CENAIDJA,4361420688,
760,Shafinaz Nachiar,-,3175077108960001,News Anchor,CNBC Indonesia,CENAIDJA,1640479112,
761,Diantyo Nugroho,197812212005011001,3174042112780015,"Arsiparis Ahli Madya, ANRI",Pembina/ IV.a,BMRIIDJA,0700004197617,
762,Tiyas Cahyani,198402152006042003,3174045502840006,"Arsiparis Ahli Muda, ANRI",Penata/ III.c,BMRIIDJA,1670004462528,
